{
  "modelType" : "DATA_LOADER_TASK",
  "key" : "69c3f0d7-2d3e-46d9-935c-e1549b4018ff",
  "name" : "Data_Loader_Task",
  "objectVersion" : 7,
  "identifier" : "DATA_LOADER_TASK_20250512_201007",
  "inputPorts" : [ ],
  "outputPorts" : [ ],
  "configProviderDelegate" : { },
  "parameters" : [ ],
  "opConfigValues" : {
    "parentRef" : {
      "parent" : "69c3f0d7-2d3e-46d9-935c-e1549b4018ff"
    }
  },
  "dataFlow" : {
    "modelType" : "DATA_FLOW",
    "key" : "917ce8f4-1ce7-4c4b-bd13-daea9594a929",
    "name" : "Data_Loader_Task_20250512_201007_dataflow",
    "identifier" : "NEW_DATAFLOW",
    "modelVersion" : "20200910",
    "parentRef" : {
      "parent" : "69c3f0d7-2d3e-46d9-935c-e1549b4018ff"
    },
    "objectVersion" : 0,
    "nodes" : [ {
      "modelType" : "FLOW_NODE",
      "key" : "5a0f34a1-03bd-470e-ae44-f39b12a30d98",
      "operator" : {
        "modelType" : "SOURCE_OPERATOR",
        "key" : "be312f4f-a1f5-4a4c-acd3-2e9b7e210946",
        "name" : "PAYLOAD_TABLE",
        "entity" : {
          "modelType" : "TABLE_ENTITY",
          "key" : "dataref:58a033e0-61df-4520-81e0-3d9534a7f1a2/ADMIN/TABLE_ENTITY:IDNUME",
          "objectVersion" : 0,
          "modelVersion" : "20201130",
          "objectStatus" : 1
        },
        "opConfigValues" : {
          "configParamValues" : {
            "dataAssetParam" : {
              "refValue" : {
                "modelType" : "ORACLE_ATP_DATA_ASSET",
                "key" : "bc37f2cd-ccf0-477c-a5e5-90bd36c8f62e",
                "name" : "PrivATP",
                "objectVersion" : 1,
                "identifier" : "PRIVATP",
                "originalHostNames" : { },
                "assetProperties" : { },
                "modelVersion" : "20231026",
                "objectStatus" : 1
              }
            },
            "connectionParam" : {
              "refValue" : {
                "modelType" : "ORACLE_ATP_CONNECTION",
                "key" : "58a033e0-61df-4520-81e0-3d9534a7f1a2",
                "name" : "Default connection",
                "objectVersion" : 1,
                "identifier" : "DEFAULT_CONNECTION",
                "isDefault" : false,
                "connectionProperties" : [ ],
                "modelVersion" : "20210930",
                "objectStatus" : 1
              }
            },
            "schemaParam" : {
              "refValue" : {
                "modelType" : "SCHEMA",
                "key" : "dataref:58a033e0-61df-4520-81e0-3d9534a7f1a2/ADMIN",
                "objectVersion" : 0,
                "modelVersion" : "20190228",
                "objectStatus" : 1,
                "isHasContainers" : false
              }
            },
            "dataEntityParam" : { }
          },
          "parentRef" : { }
        },
        "inputPorts" : [ ],
        "outputPorts" : [ {
          "modelType" : "OUTPUT_PORT",
          "key" : "65d0ba1a-21e3-47c0-822a-7156a5b89394",
          "parentRef" : {
            "parent" : "be312f4f-a1f5-4a4c-acd3-2e9b7e210946"
          },
          "portType" : "DATA",
          "fields" : [ {
            "modelType" : "PROXY_FIELD",
            "key" : "b27a0cbf-cc25-4e98-88c8-db24fb5068e8",
            "parentRef" : {
              "parent" : "65d0ba1a-21e3-47c0-822a-7156a5b89394"
            },
            "modelVersion" : "20221025",
            "name" : "PAYLOAD_TABLE",
            "scope" : {
              "modelType" : "SHAPE",
              "key" : "58a033e0-61df-4520-81e0-3d9534a7f1a2/ADMIN/TABLE_ENTITY:IDNUME/SHAPE",
              "parentRef" : {
                "rootDocId" : "dataref:58a033e0-61df-4520-81e0-3d9534a7f1a2/ADMIN/TABLE_ENTITY:IDNUME"
              },
              "modelVersion" : "20201130",
              "objectStatus" : 1
            }
          } ],
          "modelVersion" : "20211031",
          "name" : "PAYLOAD_TABLE"
        } ],
        "parentRef" : {
          "parent" : "5a0f34a1-03bd-470e-ae44-f39b12a30d98"
        },
        "objectVersion" : 0,
        "schemaDriftConfig" : {
          "extraColumnHandling" : "ALLOW",
          "missingColumnHandling" : "ALLOW",
          "dataTypeChangeHandling" : "ALLOW",
          "validationWarningIfAllowed" : false
        },
        "readOperationConfig" : {
          "modelType" : "READ_OPERATION_CONFIG",
          "key" : "2d4aa1fc-67cc-469b-9ff8-bee7ed1ff1f1",
          "parentRef" : {
            "parent" : "be312f4f-a1f5-4a4c-acd3-2e9b7e210946"
          },
          "modelVersion" : "20230722"
        },
        "modelVersion" : "20190228",
        "isReadAccess" : true,
        "isCopyFields" : false,
        "isPredefinedShape" : true
      },
      "inputLinks" : [ ],
      "outputLinks" : [ {
        "modelType" : "OUTPUT_LINK",
        "key" : "82a46de5-576c-46ad-a715-fd46a2d10704",
        "parentRef" : {
          "parent" : "5a0f34a1-03bd-470e-ae44-f39b12a30d98"
        },
        "port" : "65d0ba1a-21e3-47c0-822a-7156a5b89394",
        "toLinks" : [ "e188268f-9036-4bed-95d6-40409f32b80e" ],
        "modelVersion" : "20211031"
      } ],
      "parentRef" : {
        "parent" : "917ce8f4-1ce7-4c4b-bd13-daea9594a929"
      },
      "name" : "PAYLOAD_TABLE",
      "uiProperties" : {
        "isExpanded" : false,
        "isOutputPortsExpandable" : false,
        "isInputPortsExpandable" : false,
        "coordinateX" : 145.0,
        "coordinateY" : 50.0
      },
      "modelVersion" : "20211031"
    }, {
      "modelType" : "FLOW_NODE",
      "key" : "49db2a1e-7284-4b42-b073-b3955bcc5361",
      "operator" : {
        "modelType" : "TARGET_OPERATOR",
        "key" : "092c33b0-4f0a-41ef-b407-cfa3207e813c",
        "name" : "TARGET_NAME",
        "entity" : {
          "modelType" : "TABLE_ENTITY",
          "key" : "f46c3d84-5ed8-405b-a2ae-bb1cbfbf666c",
          "parentRef" : {
            "parent" : "092c33b0-4f0a-41ef-b407-cfa3207e813c"
          },
          "name" : "IDNUME",
          "objectVersion" : 0,
          "entityType" : "TABLE",
          "resourceName" : "IDNUME",
          "modelVersion" : "20201130",
          "externalKey" : "ADWC:g5e60ebadf0d95a:adwpriv/ADMIN/IDNUME"
        },
        "opConfigValues" : {
          "configParamValues" : {
            "dataAssetParam" : {
              "refValue" : {
                "modelType" : "ORACLE_ADWC_DATA_ASSET",
                "key" : "afdc66a0-ab26-42de-9346-ee9b93654a08",
                "name" : "PrivADW",
                "objectVersion" : 1,
                "identifier" : "PRIVADW",
                "originalHostNames" : { },
                "assetProperties" : { },
                "modelVersion" : "20231026",
                "objectStatus" : 1
              }
            },
            "connectionParam" : {
              "refValue" : {
                "modelType" : "ORACLE_ADWC_CONNECTION",
                "key" : "e3aa06e3-9bf1-4992-90d4-9beb495d19c6",
                "name" : "Default connection",
                "objectVersion" : 1,
                "identifier" : "DEFAULT_CONNECTION",
                "isDefault" : false,
                "connectionProperties" : [ ],
                "modelVersion" : "20210930",
                "objectStatus" : 1
              }
            },
            "schemaParam" : {
              "refValue" : {
                "modelType" : "SCHEMA",
                "key" : "dataref:e3aa06e3-9bf1-4992-90d4-9beb495d19c6/ADMIN",
                "objectVersion" : 0,
                "modelVersion" : "20190228",
                "objectStatus" : 1,
                "isHasContainers" : false
              }
            },
            "dataEntityParam" : { }
          },
          "parentRef" : { }
        },
        "inputPorts" : [ {
          "modelType" : "INPUT_PORT",
          "key" : "def447ed-1015-4106-92b4-21abda466751",
          "parentRef" : {
            "parent" : "092c33b0-4f0a-41ef-b407-cfa3207e813c"
          },
          "portType" : "DATA",
          "fields" : [ {
            "modelType" : "DYNAMIC_INPUT_FIELD",
            "key" : "79ce7499-6960-4e49-a739-4344e8a4abe6",
            "parentRef" : {
              "parent" : "def447ed-1015-4106-92b4-21abda466751"
            },
            "type" : {
              "modelType" : "DYNAMIC_TYPE",
              "key" : "191f62e8-27f3-4563-919c-ee5ff011bcd4",
              "parentRef" : {
                "parent" : "79ce7499-6960-4e49-a739-4344e8a4abe6"
              },
              "typeHandler" : {
                "modelType" : "RULE_TYPE_CONFIGS",
                "key" : "5c577af9-5679-4ac3-8111-bd30cec0cff9",
                "parentRef" : {
                  "parent" : "191f62e8-27f3-4563-919c-ee5ff011bcd4"
                },
                "projectionRules" : [ {
                  "modelType" : "NAME_PATTERN_RULE",
                  "key" : "e8788c62-1d3d-4265-a0cc-444a939622ef",
                  "parentRef" : {
                    "parent" : "5c577af9-5679-4ac3-8111-bd30cec0cff9"
                  },
                  "configValues" : {
                    "parentRef" : {
                      "parent" : "e8788c62-1d3d-4265-a0cc-444a939622ef"
                    }
                  },
                  "matchingStrategy" : "NAME_ONLY",
                  "ruleType" : "INCLUDE",
                  "pattern" : "*",
                  "modelVersion" : "20221025",
                  "isSkipRemainingRulesOnMatch" : false,
                  "isJavaRegexSyntax" : false,
                  "isCascade" : true,
                  "isCaseSensitive" : false
                } ],
                "modelVersion" : "20221025",
                "scope" : "65d0ba1a-21e3-47c0-822a-7156a5b89394",
                "isOrderByRule" : false
              },
              "modelVersion" : "20221025"
            },
            "modelVersion" : "20221025",
            "name" : "TARGET_NAME"
          } ],
          "modelVersion" : "20211031",
          "name" : "TARGET_IN"
        } ],
        "outputPorts" : [ ],
        "parentRef" : {
          "parent" : "49db2a1e-7284-4b42-b073-b3955bcc5361"
        },
        "objectVersion" : 0,
        "schemaDriftConfig" : {
          "extraColumnHandling" : "ALLOW",
          "missingColumnHandling" : "ALLOW",
          "dataTypeChangeHandling" : "ALLOW",
          "validationWarningIfAllowed" : false
        },
        "dataProperty" : "BACKUP",
        "writeOperationConfig" : {
          "modelType" : "WRITE_OPERATION_CONFIG",
          "key" : "a93e0940-8fe1-44e9-8661-c524ff83e776",
          "parentRef" : {
            "parent" : "092c33b0-4f0a-41ef-b407-cfa3207e813c"
          },
          "writeAttribute" : {
            "modelType" : "ORACLE_ADWC_WRITE_ATTRIBUTE"
          },
          "writeMode" : "APPEND",
          "modelVersion" : "20230722"
        },
        "loadOrder" : 0,
        "modelVersion" : "20190228",
        "isReadAccess" : false,
        "isCopyFields" : false,
        "isPredefinedShape" : false,
        "isUseSameSourceName" : false,
        "targetEntityNamePrefix" : ""
      },
      "inputLinks" : [ {
        "modelType" : "INPUT_LINK",
        "key" : "e188268f-9036-4bed-95d6-40409f32b80e",
        "parentRef" : {
          "parent" : "49db2a1e-7284-4b42-b073-b3955bcc5361"
        },
        "port" : "def447ed-1015-4106-92b4-21abda466751",
        "fromLink" : "82a46de5-576c-46ad-a715-fd46a2d10704",
        "modelVersion" : "20211031"
      } ],
      "outputLinks" : [ ],
      "parentRef" : {
        "parent" : "917ce8f4-1ce7-4c4b-bd13-daea9594a929"
      },
      "name" : "TARGET_NAME",
      "uiProperties" : {
        "isExpanded" : false,
        "isOutputPortsExpandable" : false,
        "isInputPortsExpandable" : false,
        "coordinateX" : 400.0,
        "coordinateY" : 50.0
      },
      "modelVersion" : "20211031"
    } ],
    "parameters" : [ ],
    "description" : ""
  },
  "conditionalCompositeFieldMap" : {
    "modelType" : "CONDITIONAL_COMPOSITE_FIELD_MAP",
    "key" : "04461c38-67d1-462e-ac6a-80ca3ae58e2b",
    "parentRef" : {
      "parent" : "69c3f0d7-2d3e-46d9-935c-e1549b4018ff"
    },
    "configValues" : {
      "parentRef" : {
        "parent" : "04461c38-67d1-462e-ac6a-80ca3ae58e2b"
      }
    },
    "fieldMapScope" : [ {
      "modelType" : "NAME_LIST_RULE",
      "key" : "d6a5cef6-2791-4ee6-a185-c4a13807d5a4",
      "parentRef" : {
        "parent" : "04461c38-67d1-462e-ac6a-80ca3ae58e2b"
      },
      "configValues" : {
        "parentRef" : {
          "parent" : "d6a5cef6-2791-4ee6-a185-c4a13807d5a4"
        }
      },
      "matchingStrategy" : "NAME_ONLY",
      "ruleType" : "INCLUDE",
      "names" : [ "PAYLOAD_TABLE" ],
      "modelVersion" : "20221025",
      "isSkipRemainingRulesOnMatch" : false,
      "isJavaRegexSyntax" : false,
      "isCascade" : true,
      "isCaseSensitive" : false
    }, {
      "modelType" : "NAME_LIST_RULE",
      "key" : "66af6be7-3017-4066-a4ef-be4b23055cb2",
      "parentRef" : {
        "parent" : "04461c38-67d1-462e-ac6a-80ca3ae58e2b"
      },
      "configValues" : {
        "parentRef" : {
          "parent" : "66af6be7-3017-4066-a4ef-be4b23055cb2"
        }
      },
      "matchingStrategy" : "NAME_ONLY",
      "ruleType" : "INCLUDE",
      "names" : [ "DBTOOLS$EXECUTION_HISTORY" ],
      "modelVersion" : "20221025",
      "isSkipRemainingRulesOnMatch" : false,
      "isJavaRegexSyntax" : false,
      "isCascade" : true,
      "isCaseSensitive" : false
    }, {
      "modelType" : "NAME_LIST_RULE",
      "key" : "0a364ef7-e6bd-4b8b-9555-f38e87f7679f",
      "parentRef" : {
        "parent" : "04461c38-67d1-462e-ac6a-80ca3ae58e2b"
      },
      "configValues" : {
        "parentRef" : {
          "parent" : "0a364ef7-e6bd-4b8b-9555-f38e87f7679f"
        }
      },
      "matchingStrategy" : "NAME_ONLY",
      "ruleType" : "INCLUDE",
      "names" : [ "CHANNELS", "COSTS", "COUNTRIES", "CUSTOMERS", "PRODUCTS", "PROMOTIONS", "SALES", "SUPPLEMENTARY_DEMOGRAPHICS", "TIMES" ],
      "modelVersion" : "20221025",
      "isSkipRemainingRulesOnMatch" : false,
      "isJavaRegexSyntax" : false,
      "isCascade" : true,
      "isCaseSensitive" : false
    }, {
      "modelType" : "NAME_LIST_RULE",
      "key" : "09891b4c-fafb-47b3-9311-7d6340e270b0",
      "parentRef" : {
        "parent" : "04461c38-67d1-462e-ac6a-80ca3ae58e2b"
      },
      "configValues" : {
        "parentRef" : {
          "parent" : "09891b4c-fafb-47b3-9311-7d6340e270b0"
        }
      },
      "matchingStrategy" : "NAME_ONLY",
      "ruleType" : "INCLUDE",
      "names" : [ "CALL_CENTER", "CATALOG_PAGE", "CATALOG_RETURNS", "CATALOG_SALES", "CUSTOMER", "CUSTOMER_ADDRESS", "CUSTOMER_DEMOGRAPHICS", "DATE_DIM", "HOUSEHOLD_DEMOGRAPHICS", "INCOME_BAND" ],
      "modelVersion" : "20221025",
      "isSkipRemainingRulesOnMatch" : false,
      "isJavaRegexSyntax" : false,
      "isCascade" : true,
      "isCaseSensitive" : false
    }, {
      "modelType" : "NAME_LIST_RULE",
      "key" : "50eceb17-e38b-447d-b216-15c1dfa68496",
      "parentRef" : {
        "parent" : "04461c38-67d1-462e-ac6a-80ca3ae58e2b"
      },
      "configValues" : {
        "parentRef" : {
          "parent" : "50eceb17-e38b-447d-b216-15c1dfa68496"
        }
      },
      "matchingStrategy" : "NAME_ONLY",
      "ruleType" : "INCLUDE",
      "names" : [ "INVENTORY", "ITEM", "PROMOTION", "REASON", "SHIP_MODE", "STORE", "STORE_RETURNS", "STORE_SALES", "TIME_DIM", "WAREHOUSE" ],
      "modelVersion" : "20221025",
      "isSkipRemainingRulesOnMatch" : false,
      "isJavaRegexSyntax" : false,
      "isCascade" : true,
      "isCaseSensitive" : false
    }, {
      "modelType" : "NAME_LIST_RULE",
      "key" : "8b5ffc4d-9063-4f71-a4fc-1b8112a67f3c",
      "parentRef" : {
        "parent" : "04461c38-67d1-462e-ac6a-80ca3ae58e2b"
      },
      "configValues" : {
        "parentRef" : {
          "parent" : "8b5ffc4d-9063-4f71-a4fc-1b8112a67f3c"
        }
      },
      "matchingStrategy" : "NAME_ONLY",
      "ruleType" : "INCLUDE",
      "names" : [ "WEB_PAGE", "WEB_RETURNS", "WEB_SALES", "WEB_SITE" ],
      "modelVersion" : "20221025",
      "isSkipRemainingRulesOnMatch" : false,
      "isJavaRegexSyntax" : false,
      "isCascade" : true,
      "isCaseSensitive" : false
    }, {
      "modelType" : "NAME_LIST_RULE",
      "key" : "b2d3cabe-5d3d-4aed-9c8f-0e0bca9c29c5",
      "parentRef" : {
        "parent" : "04461c38-67d1-462e-ac6a-80ca3ae58e2b"
      },
      "configValues" : {
        "parentRef" : {
          "parent" : "b2d3cabe-5d3d-4aed-9c8f-0e0bca9c29c5"
        }
      },
      "matchingStrategy" : "NAME_ONLY",
      "ruleType" : "INCLUDE",
      "names" : [ "F1_PITSTOP_DATA", "F1_TELEMETRY_DATA" ],
      "modelVersion" : "20221025",
      "isSkipRemainingRulesOnMatch" : false,
      "isJavaRegexSyntax" : false,
      "isCascade" : true,
      "isCaseSensitive" : false
    } ],
    "modelVersion" : "20211031",
    "fieldMaps" : [ ]
  },
  "isSingleLoad" : true,
  "modelVersion" : "20220113",
  "objectStatus" : 8,
  "metadata" : {
    "createdBy" : "ocid1.user.oc1..aaaaaaaal7ops22xh24ai52oa244f6pqfdt7dnhjeyrz4wxwi7jzqjlewrkq",
    "createdByName" : "Alexandru Porcescu",
    "updatedBy" : "ocid1.user.oc1..aaaaaaaal7ops22xh24ai52oa244f6pqfdt7dnhjeyrz4wxwi7jzqjlewrkq",
    "updatedByName" : "Alexandru Porcescu",
    "timeCreated" : "2025-05-12T17:11:48.256Z",
    "timeUpdated" : "2025-06-17T11:35:34.118Z",
    "infoFields" : {
      "resourceName" : "IDNUME"
    },
    "aggregatorKey" : "d03952fa-721b-49a3-86b9-dd602addbfdd",
    "registryVersion" : 1,
    "aggregator" : {
      "type" : "USER_PROJECT",
      "key" : "d03952fa-721b-49a3-86b9-dd602addbfdd",
      "name" : "InitLoadAndCDC",
      "identifier" : "MY_FIRST_PROJECT",
      "description" : "Initial Load by OCI DI and CDC by OCI GoldenGate"
    }
  }
}
