{
  "modelType" : "ORACLE_ADWC_DATA_ASSET",
  "key" : "afdc66a0-ab26-42de-9346-ee9b93654a08",
  "name" : "PrivADW",
  "objectVersion" : 1,
  "identifier" : "PRIVADW",
  "defaultConnection" : {
    "modelType" : "ORACLE_ADWC_CONNECTION",
    "key" : "e3aa06e3-9bf1-4992-90d4-9beb495d19c6",
    "name" : "Default connection",
    "objectVersion" : 1,
    "identifier" : "DEFAULT_CONNECTION",
    "isDefault" : false,
    "connectionProperties" : [ ],
    "modelVersion" : "20210930",
    "objectStatus" : 1
  },
  "originalHostNames" : { },
  "assetProperties" : { },
  "serviceName" : "adwpriv_medium",
  "tenancyId" : "ocid1.tenancy.oc1..aaaaaaaajlqw7qs62agvha73f25ivmhatqin2fmrdppma2mh4kf7pjqe6vqa",
  "compartmentId" : "ocid1.compartment.oc1..aaaaaaaacerz4shgsi43w7i6ysowxibj7bpoejoupvrojdkrzjhiatbtqeaq",
  "autonomousDbId" : "ocid1.autonomousdatabase.oc1.phx.anyhqljseicj2tiax6msjqthnlznjm4a4az5mssnrqxvcsb3qn2i5n2llncq",
  "regionId" : "us-phoenix-1",
  "bucketSchema" : {
    "modelType" : "SCHEMA",
    "key" : "dataref:e5d69619-22ca-4ec3-b45d-c7288715e3b0/AlxBucket",
    "objectVersion" : 0,
    "modelVersion" : "20190228",
    "objectStatus" : 1,
    "isHasContainers" : false
  },
  "stagingDataAsset" : {
    "modelType" : "ORACLE_OBJECT_STORAGE_DATA_ASSET",
    "key" : "7d5332c2-63d3-406d-ad8e-10d994d31e8c",
    "name" : "Storage",
    "objectVersion" : 1,
    "identifier" : "STORAGE",
    "originalHostNames" : { },
    "assetProperties" : { },
    "modelVersion" : "20231026",
    "objectStatus" : 1
  },
  "stagingConnection" : {
    "modelType" : "ORACLE_OBJECT_STORAGE_CONNECTION",
    "key" : "e5d69619-22ca-4ec3-b45d-c7288715e3b0",
    "name" : "Default connection",
    "objectVersion" : 1,
    "identifier" : "DEFAULT_CONNECTION",
    "isDefault" : false,
    "connectionProperties" : [ ],
    "modelVersion" : "20210930",
    "objectStatus" : 1
  },
  "modelVersion" : "20231026",
  "objectStatus" : 8,
  "metadata" : {
    "createdBy" : "ocid1.user.oc1..aaaaaaaal7ops22xh24ai52oa244f6pqfdt7dnhjeyrz4wxwi7jzqjlewrkq",
    "createdByName" : "Alexandru Porcescu",
    "updatedBy" : "ocid1.user.oc1..aaaaaaaal7ops22xh24ai52oa244f6pqfdt7dnhjeyrz4wxwi7jzqjlewrkq",
    "updatedByName" : "Alexandru Porcescu",
    "timeCreated" : "2025-03-13T08:05:30.327Z",
    "timeUpdated" : "2025-03-13T08:05:30.327Z",
    "registryVersion" : 1
  },
  "externalKey" : "ADWC:g5e60ebadf0d95a:adwpriv"
}
