{
  "modelType" : "ORACLE_OBJECT_STORAGE_CONNECTION",
  "key" : "e5d69619-22ca-4ec3-b45d-c7288715e3b0",
  "name" : "Default connection",
  "objectVersion" : 1,
  "identifier" : "DEFAULT_CONNECTION",
  "isDefault" : false,
  "connectionProperties" : [ ],
  "modelVersion" : "20210930",
  "objectStatus" : 8,
  "metadata" : {
    "createdBy" : "ocid1.user.oc1..aaaaaaaal7ops22xh24ai52oa244f6pqfdt7dnhjeyrz4wxwi7jzqjlewrkq",
    "createdByName" : "Alexandru Porcescu",
    "updatedBy" : "ocid1.user.oc1..aaaaaaaal7ops22xh24ai52oa244f6pqfdt7dnhjeyrz4wxwi7jzqjlewrkq",
    "updatedByName" : "Alexandru Porcescu",
    "timeCreated" : "2025-03-13T08:01:41.515Z",
    "timeUpdated" : "2025-03-13T08:01:41.515Z",
    "aggregatorKey" : "7d5332c2-63d3-406d-ad8e-10d994d31e8c",
    "registryVersion" : 1,
    "aggregator" : {
      "type" : "ORACLE_OBJECT_STORAGE_DATA_ASSET",
      "key" : "7d5332c2-63d3-406d-ad8e-10d994d31e8c",
      "name" : "Storage",
      "identifier" : "STORAGE"
    }
  }
}
