{
  "modelType" : "ORACLE_ATP_DATA_ASSET",
  "key" : "bc37f2cd-ccf0-477c-a5e5-90bd36c8f62e",
  "name" : "PrivATP",
  "objectVersion" : 1,
  "identifier" : "PRIVATP",
  "defaultConnection" : {
    "modelType" : "ORACLE_ATP_CONNECTION",
    "key" : "58a033e0-61df-4520-81e0-3d9534a7f1a2",
    "name" : "Default connection",
    "objectVersion" : 1,
    "identifier" : "DEFAULT_CONNECTION",
    "isDefault" : false,
    "connectionProperties" : [ ],
    "modelVersion" : "20210930",
    "objectStatus" : 1
  },
  "originalHostNames" : { },
  "assetProperties" : { },
  "serviceName" : "atppriv_tp",
  "bucketSchema" : {
    "modelType" : "SCHEMA",
    "key" : "dataref:e5d69619-22ca-4ec3-b45d-c7288715e3b0/AlxBucket",
    "objectVersion" : 0,
    "modelVersion" : "20190228",
    "objectStatus" : 1,
    "isHasContainers" : false
  },
  "stagingDataAsset" : {
    "modelType" : "ORACLE_OBJECT_STORAGE_DATA_ASSET",
    "key" : "7d5332c2-63d3-406d-ad8e-10d994d31e8c",
    "name" : "Storage",
    "objectVersion" : 1,
    "identifier" : "STORAGE",
    "originalHostNames" : { },
    "assetProperties" : { },
    "modelVersion" : "20231026",
    "objectStatus" : 1
  },
  "stagingConnection" : {
    "modelType" : "ORACLE_OBJECT_STORAGE_CONNECTION",
    "key" : "e5d69619-22ca-4ec3-b45d-c7288715e3b0",
    "name" : "Default connection",
    "objectVersion" : 1,
    "identifier" : "DEFAULT_CONNECTION",
    "isDefault" : false,
    "connectionProperties" : [ ],
    "modelVersion" : "20210930",
    "objectStatus" : 1
  },
  "modelVersion" : "20231026",
  "objectStatus" : 8,
  "metadata" : {
    "createdBy" : "ocid1.user.oc1..aaaaaaaal7ops22xh24ai52oa244f6pqfdt7dnhjeyrz4wxwi7jzqjlewrkq",
    "createdByName" : "Alexandru Porcescu",
    "updatedBy" : "ocid1.user.oc1..aaaaaaaal7ops22xh24ai52oa244f6pqfdt7dnhjeyrz4wxwi7jzqjlewrkq",
    "updatedByName" : "Alexandru Porcescu",
    "timeCreated" : "2025-05-26T10:55:42.195Z",
    "timeUpdated" : "2025-05-26T10:55:42.195Z",
    "registryVersion" : 1
  },
  "externalKey" : "ATP:g5e60ebadf0d95a:atppriv"
}
