{
  "modelType" : "ORACLE_ATP_CONNECTION",
  "key" : "58a033e0-61df-4520-81e0-3d9534a7f1a2",
  "name" : "Default connection",
  "objectVersion" : 1,
  "identifier" : "DEFAULT_CONNECTION",
  "isDefault" : false,
  "connectionProperties" : [ ],
  "username" : "admin",
  "tnsAlias" : "atppriv_tp",
  "modelVersion" : "20210930",
  "objectStatus" : 8,
  "metadata" : {
    "createdBy" : "ocid1.user.oc1..aaaaaaaal7ops22xh24ai52oa244f6pqfdt7dnhjeyrz4wxwi7jzqjlewrkq",
    "createdByName" : "Alexandru Porcescu",
    "updatedBy" : "ocid1.user.oc1..aaaaaaaal7ops22xh24ai52oa244f6pqfdt7dnhjeyrz4wxwi7jzqjlewrkq",
    "updatedByName" : "Alexandru Porcescu",
    "timeCreated" : "2025-05-26T10:55:42.659Z",
    "timeUpdated" : "2025-05-26T10:55:42.659Z",
    "aggregatorKey" : "bc37f2cd-ccf0-477c-a5e5-90bd36c8f62e",
    "registryVersion" : 1,
    "aggregator" : {
      "type" : "ORACLE_ATP_DATA_ASSET",
      "key" : "bc37f2cd-ccf0-477c-a5e5-90bd36c8f62e",
      "name" : "PrivATP",
      "identifier" : "PRIVATP"
    }
  }
}
