{
  "modelType" : "ORACLE_ADWC_CONNECTION",
  "key" : "e3aa06e3-9bf1-4992-90d4-9beb495d19c6",
  "name" : "Default connection",
  "objectVersion" : 1,
  "identifier" : "DEFAULT_CONNECTION",
  "isDefault" : false,
  "connectionProperties" : [ ],
  "username" : "admin",
  "tnsAlias" : "adwpriv_medium",
  "modelVersion" : "20210930",
  "objectStatus" : 8,
  "metadata" : {
    "createdBy" : "ocid1.user.oc1..aaaaaaaal7ops22xh24ai52oa244f6pqfdt7dnhjeyrz4wxwi7jzqjlewrkq",
    "createdByName" : "Alexandru Porcescu",
    "updatedBy" : "ocid1.user.oc1..aaaaaaaal7ops22xh24ai52oa244f6pqfdt7dnhjeyrz4wxwi7jzqjlewrkq",
    "updatedByName" : "Alexandru Porcescu",
    "timeCreated" : "2025-03-13T08:05:30.514Z",
    "timeUpdated" : "2025-03-13T08:05:30.514Z",
    "aggregatorKey" : "afdc66a0-ab26-42de-9346-ee9b93654a08",
    "registryVersion" : 1,
    "aggregator" : {
      "type" : "ORACLE_ADWC_DATA_ASSET",
      "key" : "afdc66a0-ab26-42de-9346-ee9b93654a08",
      "name" : "PrivADW",
      "identifier" : "PRIVADW"
    }
  }
}
