{
  "modelType" : "ORACLE_OBJECT_STORAGE_DATA_ASSET",
  "key" : "7d5332c2-63d3-406d-ad8e-10d994d31e8c",
  "name" : "Storage",
  "objectVersion" : 1,
  "identifier" : "STORAGE",
  "defaultConnection" : {
    "modelType" : "ORACLE_OBJECT_STORAGE_CONNECTION",
    "key" : "e5d69619-22ca-4ec3-b45d-c7288715e3b0",
    "name" : "Default connection",
    "objectVersion" : 1,
    "identifier" : "DEFAULT_CONNECTION",
    "isDefault" : false,
    "connectionProperties" : [ ],
    "modelVersion" : "20210930",
    "objectStatus" : 1
  },
  "originalHostNames" : { },
  "assetProperties" : { },
  "ociRegion" : "us-phoenix-1",
  "namespace" : "fro8fl9kuqli",
  "modelVersion" : "20231026",
  "objectStatus" : 8,
  "metadata" : {
    "createdBy" : "ocid1.user.oc1..aaaaaaaal7ops22xh24ai52oa244f6pqfdt7dnhjeyrz4wxwi7jzqjlewrkq",
    "createdByName" : "Alexandru Porcescu",
    "updatedBy" : "ocid1.user.oc1..aaaaaaaal7ops22xh24ai52oa244f6pqfdt7dnhjeyrz4wxwi7jzqjlewrkq",
    "updatedByName" : "Alexandru Porcescu",
    "timeCreated" : "2025-03-13T08:01:41.124Z",
    "timeUpdated" : "2025-03-13T08:01:41.124Z",
    "registryVersion" : 1
  },
  "externalKey" : "OOS:us-phoenix-1:fro8fl9kuqli",
  "tenancyId" : "ocid1.tenancy.oc1..aaaaaaaajlqw7qs62agvha73f25ivmhatqin2fmrdppma2mh4kf7pjqe6vqa"
}
