{
  "modelType" : "PIPELINE_TASK",
  "key" : "c0115673-b7bb-4977-8de9-19f365672371",
  "name" : "IL+CDC",
  "objectVersion" : 67,
  "identifier" : "PIPETEST_TASK_20250312_224653",
  "inputPorts" : [ ],
  "outputPorts" : [ ],
  "configProviderDelegate" : { },
  "isConcurrentAllowed" : true,
  "modelVersion" : "20230421",
  "objectStatus" : 8,
  "metadata" : {
    "createdBy" : "ocid1.user.oc1..aaaaaaaal7ops22xh24ai52oa244f6pqfdt7dnhjeyrz4wxwi7jzqjlewrkq",
    "createdByName" : "Alexandru Porcescu",
    "updatedBy" : "ocid1.user.oc1..aaaaaaaal7ops22xh24ai52oa244f6pqfdt7dnhjeyrz4wxwi7jzqjlewrkq",
    "updatedByName" : "Alexandru Porcescu",
    "timeCreated" : "2025-03-12T20:46:59.707Z",
    "timeUpdated" : "2025-06-17T10:27:06.227Z",
    "aggregatorKey" : "d03952fa-721b-49a3-86b9-dd602addbfdd",
    "registryVersion" : 1,
    "aggregator" : {
      "type" : "USER_PROJECT",
      "key" : "d03952fa-721b-49a3-86b9-dd602addbfdd",
      "name" : "InitLoadAndCDC",
      "identifier" : "MY_FIRST_PROJECT",
      "description" : "Initial Load by OCI DI and CDC by OCI GoldenGate"
    }
  },
  "pipeline" : {
    "modelType" : "PIPELINE",
    "key" : "f75654a3-5699-4126-b6e6-d403834ce005",
    "name" : "ILCDC",
    "identifier" : "PIPETEST",
    "modelVersion" : "20220124",
    "objectVersion" : 9,
    "nodes" : [ ],
    "parameters" : [ ],
    "objectStatus" : 1
  }
}
