{
  "modelType" : "REST_TASK",
  "key" : "9f5023df-edd1-43e2-a6b8-d25a6d56dbd9",
  "name" : "CreateDeploymentAuth",
  "objectVersion" : 16,
  "identifier" : "LISTEXTRACTS_AUTH_WORKING",
  "inputPorts" : [ ],
  "outputPorts" : [ ],
  "configProviderDelegate" : { },
  "parameters" : [ {
    "modelType" : "PARAMETER",
    "key" : "aa13fc95-94da-4a30-85b8-597e7db4f87b",
    "parentRef" : {
      "parent" : "9f5023df-edd1-43e2-a6b8-d25a6d56dbd9"
    },
    "type" : "Seeded:/typeSystems/PLATFORM/dataTypes/STRING",
    "configValues" : {
      "configParamValues" : {
        "length" : {
          "intValue" : 255
        },
        "usedInParam" : {
          "stringValue" : "Execute API Config: (Request Payload), Execute API Config: (Request Payload), Execute API Config: (Request Payload), Execute API Config: (Request Payload),Polling API Config: (Request URL), Execute API Config: (Request Payload),Polling API Config: (Request URL), Execute API Config: (Request Payload),Polling API Config: (Request URL), Execute API Config: (Request Payload),Polling API Config: (Request URL), Execute API Config: (Request Payload),Polling API Config: (Request URL)"
        }
      },
      "parentRef" : { }
    },
    "description" : "",
    "defaultValue" : "COMPARTMENT_ID",
    "isInput" : true,
    "isOutput" : false,
    "modelVersion" : "20210705",
    "name" : "COMPARTMENT_ID",
    "typeName" : "STRING"
  }, {
    "modelType" : "PARAMETER",
    "key" : "6dc1f51b-5951-468e-9509-1de324d8c189",
    "parentRef" : {
      "parent" : "9f5023df-edd1-43e2-a6b8-d25a6d56dbd9"
    },
    "type" : "Seeded:/typeSystems/PLATFORM/dataTypes/STRING",
    "configValues" : {
      "configParamValues" : {
        "length" : {
          "intValue" : 255
        },
        "usedInParam" : {
          "stringValue" : "Execute API Config: (Request Payload), Execute API Config: (Request Payload), Execute API Config: (Request Payload), Execute API Config: (Request Payload), Execute API Config: (Request Payload), Execute API Config: (Request Payload), Execute API Config: (Request Payload), Execute API Config: (Request Payload)"
        }
      },
      "parentRef" : { }
    },
    "description" : "",
    "defaultValue" : "API_GATEWAY_OCID",
    "isInput" : true,
    "isOutput" : false,
    "modelVersion" : "20210705",
    "name" : "API_GATEWAY_OCID",
    "typeName" : "STRING"
  }, {
    "modelType" : "PARAMETER",
    "key" : "97e3b349-0410-4ac2-9a5a-8ea32ba2ac8c",
    "parentRef" : {
      "parent" : "9f5023df-edd1-43e2-a6b8-d25a6d56dbd9"
    },
    "type" : "Seeded:/typeSystems/PLATFORM/dataTypes/STRING",
    "configValues" : {
      "configParamValues" : {
        "length" : {
          "intValue" : 255
        },
        "usedInParam" : {
          "stringValue" : "Execute API Config: (Request Payload), Execute API Config: (Request Payload), Execute API Config: (Request Payload), Execute API Config: (Request Payload),Polling API Config: (Request URL), Execute API Config: (Request Payload),Polling API Config: (Request URL), Execute API Config: (Request Payload),Polling API Config: (Request URL), Execute API Config: (Request Payload),Polling API Config: (Request URL), Execute API Config: (Request Payload),Polling API Config: (Request URL)"
        }
      },
      "parentRef" : { }
    },
    "description" : "",
    "defaultValue" : "DISPLAY_NAME",
    "isInput" : true,
    "isOutput" : false,
    "modelVersion" : "20210705",
    "name" : "DISPLAY_NAME",
    "typeName" : "STRING"
  }, {
    "modelType" : "PARAMETER",
    "key" : "92b68f0c-f8d7-4a3b-9620-54786b66472c",
    "parentRef" : {
      "parent" : "9f5023df-edd1-43e2-a6b8-d25a6d56dbd9"
    },
    "type" : "Seeded:/typeSystems/PLATFORM/dataTypes/STRING",
    "configValues" : {
      "configParamValues" : {
        "length" : {
          "intValue" : 255
        },
        "usedInParam" : {
          "stringValue" : "Execute API Config: (Request Payload), Execute API Config: (Request Payload), Execute API Config: (Request Payload), Execute API Config: (Request Payload), Execute API Config: (Request Payload), Execute API Config: (Request Payload)"
        }
      },
      "parentRef" : { }
    },
    "description" : "",
    "defaultValue" : "base64(user:password)",
    "isInput" : true,
    "isOutput" : false,
    "modelVersion" : "20210705",
    "name" : "BASE64_USER_PASSWORD",
    "typeName" : "STRING"
  }, {
    "modelType" : "PARAMETER",
    "key" : "f3200a73-9a61-4e21-b54c-9015e367c37b",
    "parentRef" : {
      "parent" : "9f5023df-edd1-43e2-a6b8-d25a6d56dbd9"
    },
    "type" : "Seeded:/typeSystems/PLATFORM/dataTypes/STRING",
    "configValues" : {
      "configParamValues" : {
        "length" : {
          "intValue" : 255
        },
        "usedInParam" : {
          "stringValue" : "Execute API Config: (Request Payload), Execute API Config: (Request Payload), Execute API Config: (Request Payload), Execute API Config: (Request Payload), Execute API Config: (Request Payload), Execute API Config: (Request Payload), Execute API Config: (Request Payload), Execute API Config: (Request Payload)"
        }
      },
      "parentRef" : { }
    },
    "description" : "",
    "defaultValue" : "https://\u003CURL or IP\u003E",
    "isInput" : true,
    "isOutput" : false,
    "modelVersion" : "20210705",
    "name" : "GG_URL",
    "typeName" : "STRING"
  }, {
    "modelType" : "PARAMETER",
    "key" : "8c7adb35-5898-479b-8d72-06b81810fe88",
    "parentRef" : {
      "parent" : "9f5023df-edd1-43e2-a6b8-d25a6d56dbd9"
    },
    "type" : "Seeded:/typeSystems/PLATFORM/dataTypes/STRING",
    "configValues" : {
      "configParamValues" : {
        "length" : {
          "intValue" : 255
        },
        "usedInParam" : {
          "stringValue" : ""
        }
      },
      "parentRef" : { }
    },
    "description" : "",
    "defaultValue" : "us-phoenix-1",
    "isInput" : true,
    "isOutput" : false,
    "modelVersion" : "20210705",
    "name" : "REGION",
    "typeName" : "STRING"
  } ],
  "opConfigValues" : {
    "configParamValues" : {
      "successCondition" : {
        "refValue" : {
          "modelType" : "EXPRESSION",
          "key" : "3667576b-8f46-4460-8f2a-8c1974c8154f",
          "parentRef" : {
            "parent" : "9f5023df-edd1-43e2-a6b8-d25a6d56dbd9"
          },
          "exprString" : "SYS.RESPONSE_STATUS \u003E= 200 AND SYS.RESPONSE_STATUS \u003C 300",
          "configValues" : {
            "parentRef" : { }
          },
          "modelVersion" : "20230915"
        }
      }
    },
    "parentRef" : { }
  },
  "isConcurrentAllowed" : true,
  "executeRestCallConfig" : {
    "modelType" : "REST_CALL_CONFIG",
    "key" : "2b373350-ea34-4d93-b355-ab73f9100721",
    "parentRef" : {
      "parent" : "9f5023df-edd1-43e2-a6b8-d25a6d56dbd9"
    },
    "methodType" : "POST",
    "requestHeaders" : {
      "Content-Type" : "application/json"
    },
    "configValues" : {
      "configParamValues" : {
        "requestURL" : {
          "stringValue" : "https://apigateway.${REGION}.oci.oraclecloud.com/20190501/deployments"
        },
        "requestPayload" : {
          "refValue" : {
            "modelType" : "JSON_TEXT",
            "key" : "beaa3f19-863b-414b-869e-ce0d5d78389a",
            "parentRef" : {
              "parent" : "2b373350-ea34-4d93-b355-ab73f9100721"
            },
            "encoded" : false,
            "modelVersion" : "20200901",
            "configValues" : {
              "configParamValues" : {
                "dataParam" : {
                  "stringValue" : "{\n  \"compartmentId\": \"${COMPARTMENT_ID}\",\n  \"gatewayId\": \"${API_GATEWAY_OCID}\",\n  \"pathPrefix\": \"/${DISPLAY_NAME}\",\n  \"specification\": {\n    \"routes\": [\n      {\n        \"path\": \"/{path*}\",\n        \"methods\": [\n          \"ANY\"\n        ],\n        \"backend\": {\n          \"type\": \"HTTP_BACKEND\",\n          \"url\": \"${GG_URL}/${request.path[path]}\",\n          \"isSslVerifyDisabled\": true\n\t\t\t\t},\n       \"requestPolicies\": {\n          \"headerTransformations\": {\n          \"setHeaders\": {\n            \"items\": [\n              {\n                \"name\": \"Authorization\",\n                \"values\": [\n                  \"Basic ${BASE64_USER_PASSWORD}\"\n                ]\n              }\n            ]\n          }\n        }\n      }\n    }\n   ]\n  },\n  \"displayName\": \"${DISPLAY_NAME}\"\n}"
                }
              },
              "parentRef" : { }
            }
          }
        }
      },
      "parentRef" : { }
    },
    "modelVersion" : "20210907"
  },
  "cancelRestCallConfig" : {
    "modelType" : "REST_CALL_CONFIG",
    "key" : "293af467-beb1-4c04-9d0f-6fa6e34bdf20",
    "parentRef" : {
      "parent" : "9f5023df-edd1-43e2-a6b8-d25a6d56dbd9"
    },
    "methodType" : "DELETE",
    "requestHeaders" : { },
    "configValues" : {
      "configParamValues" : { },
      "parentRef" : { }
    },
    "modelVersion" : "20210907"
  },
  "pollRestCallConfig" : {
    "modelType" : "POLL_REST_CALL_CONFIG",
    "key" : "ca8784a2-4f40-4596-84c0-4c71fc8ee717",
    "parentRef" : {
      "parent" : "9f5023df-edd1-43e2-a6b8-d25a6d56dbd9"
    },
    "methodType" : "GET",
    "requestHeaders" : {
      "Content-Type" : "application/json"
    },
    "configValues" : {
      "configParamValues" : {
        "pollMaxDuration" : {
          "objectValue" : 120
        },
        "pollMaxDurationUnit" : {
          "stringValue" : "SECONDS"
        },
        "pollInterval" : {
          "objectValue" : 60
        },
        "pollIntervalUnit" : {
          "stringValue" : "SECONDS"
        },
        "requestURL" : {
          "stringValue" : "https://apigateway.${REGION}.oci.oraclecloud.com/20190501/deployments?compartmentId=${COMPARTMENT_ID}\u0026displayName=${DISPLAY_NAME}"
        },
        "pollCondition" : {
          "refValue" : {
            "modelType" : "EXPRESSION",
            "key" : "fcf07fa2-b397-488c-84c0-d0f29aaa3768",
            "parentRef" : {
              "parent" : "ca8784a2-4f40-4596-84c0-4c71fc8ee717"
            },
            "exprString" : "json_path(SYS.RESPONSE_PAYLOAD_JSON, \u0027$.lifecycleState\u0027) = \u0027ACTIVE\u0027",
            "configValues" : {
              "parentRef" : {
                "parent" : "fcf07fa2-b397-488c-84c0-d0f29aaa3768"
              }
            },
            "modelVersion" : "20230915"
          }
        }
      },
      "parentRef" : { }
    },
    "modelVersion" : "20210907"
  },
  "typedExpressions" : [ ],
  "apiCallMode" : "ASYNC_GENERIC",
  "authConfig" : {
    "modelType" : "OCI_RESOURCE_AUTH_CONFIG",
    "key" : "a80f2ffc-5e8d-4573-ab6e-b7a189ec791e",
    "parentRef" : {
      "parent" : "9f5023df-edd1-43e2-a6b8-d25a6d56dbd9"
    },
    "modelVersion" : "20210524",
    "resourcePrincipalSource" : "WORKSPACE"
  },
  "modelVersion" : "20230421",
  "objectStatus" : 8,
  "metadata" : {
    "createdBy" : "ocid1.user.oc1..aaaaaaaal7ops22xh24ai52oa244f6pqfdt7dnhjeyrz4wxwi7jzqjlewrkq",
    "createdByName" : "Alexandru Porcescu",
    "updatedBy" : "ocid1.user.oc1..aaaaaaaal7ops22xh24ai52oa244f6pqfdt7dnhjeyrz4wxwi7jzqjlewrkq",
    "updatedByName" : "Alexandru Porcescu",
    "timeCreated" : "2025-02-26T22:50:53.575Z",
    "timeUpdated" : "2025-05-29T12:56:43.981Z",
    "aggregatorKey" : "d03952fa-721b-49a3-86b9-dd602addbfdd",
    "registryVersion" : 3,
    "aggregator" : {
      "type" : "USER_PROJECT",
      "key" : "d03952fa-721b-49a3-86b9-dd602addbfdd",
      "name" : "InitLoadAndCDC",
      "identifier" : "MY_FIRST_PROJECT",
      "description" : "Initial Load by OCI DI and CDC by OCI GoldenGate"
    }
  }
}
