{
  "modelType" : "REST_TASK",
  "key" : "41b67ed8-f289-45f4-b7dc-2b78aeccb899",
  "name" : "StartReplicat",
  "objectVersion" : 4,
  "identifier" : "STARTREPLICAT",
  "inputPorts" : [ ],
  "outputPorts" : [ ],
  "configProviderDelegate" : { },
  "parameters" : [ {
    "modelType" : "PARAMETER",
    "key" : "f2c449cd-91a8-49a2-91ae-50e44a50739b",
    "parentRef" : {
      "parent" : "41b67ed8-f289-45f4-b7dc-2b78aeccb899"
    },
    "type" : "Seeded:/typeSystems/PLATFORM/dataTypes/STRING",
    "configValues" : {
      "configParamValues" : {
        "length" : {
          "intValue" : 255
        },
        "scale" : {
          "intValue" : 0
        },
        "usedInParam" : {
          "stringValue" : "Execute API Config: (Request URL),Polling API Config: (Request URL)"
        }
      },
      "parentRef" : { }
    },
    "description" : "",
    "defaultValue" : "",
    "isInput" : true,
    "isOutput" : false,
    "modelVersion" : "20210705",
    "name" : "ENDPOINT_URL",
    "typeName" : "STRING"
  }, {
    "modelType" : "PARAMETER",
    "key" : "aff0cb24-d457-40e3-b9ec-3b2b5ca580b3",
    "parentRef" : {
      "parent" : "41b67ed8-f289-45f4-b7dc-2b78aeccb899"
    },
    "type" : "Seeded:/typeSystems/PLATFORM/dataTypes/STRING",
    "configValues" : {
      "configParamValues" : {
        "length" : {
          "intValue" : 255
        },
        "usedInParam" : {
          "stringValue" : ""
        }
      },
      "parentRef" : { }
    },
    "description" : "",
    "defaultValue" : "REPLICAT",
    "isInput" : true,
    "isOutput" : false,
    "modelVersion" : "20210705",
    "name" : "REPLICAT_NAME",
    "typeName" : "STRING"
  }, {
    "modelType" : "PARAMETER",
    "key" : "f8647892-09aa-4e8c-97b9-76355db4ed4c",
    "parentRef" : {
      "parent" : "41b67ed8-f289-45f4-b7dc-2b78aeccb899"
    },
    "type" : "Seeded:/typeSystems/PLATFORM/dataTypes/STRING",
    "configValues" : {
      "configParamValues" : {
        "length" : {
          "intValue" : 255
        },
        "usedInParam" : {
          "stringValue" : ""
        }
      },
      "parentRef" : { }
    },
    "description" : "",
    "defaultValue" : "SCN",
    "isInput" : true,
    "isOutput" : false,
    "modelVersion" : "20210705",
    "name" : "SCN",
    "typeName" : "STRING"
  } ],
  "opConfigValues" : {
    "configParamValues" : {
      "successCondition" : {
        "refValue" : {
          "modelType" : "EXPRESSION",
          "key" : "1cdd0c0e-a35c-42ce-9c2d-35b81a0bedc2",
          "parentRef" : {
            "parent" : "41b67ed8-f289-45f4-b7dc-2b78aeccb899"
          },
          "exprString" : "SYS.RESPONSE_STATUS \u003E= 200 AND SYS.RESPONSE_STATUS \u003C 300",
          "configValues" : {
            "parentRef" : { }
          },
          "modelVersion" : "20230915"
        }
      }
    },
    "parentRef" : { }
  },
  "isConcurrentAllowed" : true,
  "executeRestCallConfig" : {
    "modelType" : "REST_CALL_CONFIG",
    "key" : "99a00f42-5e1b-42e3-84d0-f8d858389974",
    "parentRef" : {
      "parent" : "41b67ed8-f289-45f4-b7dc-2b78aeccb899"
    },
    "methodType" : "POST",
    "requestHeaders" : { },
    "configValues" : {
      "configParamValues" : {
        "requestURL" : {
          "stringValue" : "https://${ENDPOINT_URL}/services/v2/commands/execute"
        },
        "requestPayload" : {
          "refValue" : {
            "modelType" : "JSON_TEXT",
            "key" : "2d8e7844-956e-406a-8dc3-843ad66b4987",
            "parentRef" : {
              "parent" : "99a00f42-5e1b-42e3-84d0-f8d858389974"
            },
            "encoded" : false,
            "modelVersion" : "20200901",
            "configValues" : {
              "configParamValues" : {
                "dataParam" : {
                  "stringValue" : "{\n\"name\":\"start\",\n\"processName\":\"${REPLICAT_NAME}\",\n\"after\":\"${SCN}\"\n}"
                }
              },
              "parentRef" : { }
            }
          }
        }
      },
      "parentRef" : { }
    },
    "modelVersion" : "20210907"
  },
  "cancelRestCallConfig" : {
    "modelType" : "REST_CALL_CONFIG",
    "key" : "87a743c8-aa85-411d-873f-e36889b06253",
    "parentRef" : {
      "parent" : "41b67ed8-f289-45f4-b7dc-2b78aeccb899"
    },
    "methodType" : "DELETE",
    "requestHeaders" : { },
    "configValues" : {
      "configParamValues" : { },
      "parentRef" : { }
    },
    "modelVersion" : "20210907"
  },
  "pollRestCallConfig" : {
    "modelType" : "POLL_REST_CALL_CONFIG",
    "key" : "22c771f5-ec29-45ab-8ff2-cb5438bb57d9",
    "parentRef" : {
      "parent" : "41b67ed8-f289-45f4-b7dc-2b78aeccb899"
    },
    "methodType" : "GET",
    "requestHeaders" : { },
    "configValues" : {
      "configParamValues" : {
        "pollMaxDuration" : {
          "objectValue" : 120
        },
        "pollMaxDurationUnit" : {
          "stringValue" : "SECONDS"
        },
        "pollInterval" : {
          "objectValue" : 60
        },
        "pollIntervalUnit" : {
          "stringValue" : "SECONDS"
        },
        "requestURL" : {
          "stringValue" : "https://${ENDPOINT_URL}/services/v2/replicats/${REPLICAT_NAME}/info/status"
        },
        "pollCondition" : {
          "refValue" : {
            "modelType" : "EXPRESSION",
            "key" : "0123c72a-a7b1-4cfc-96a2-51911008cbbb",
            "parentRef" : {
              "parent" : "22c771f5-ec29-45ab-8ff2-cb5438bb57d9"
            },
            "exprString" : "json_path(SYS.RESPONSE_PAYLOAD_JSON, \u0027$.response.status\u0027) = \u0027starting\u0027 OR json_path(SYS.RESPONSE_PAYLOAD_JSON, \u0027$.response.status\u0027) = \u0027running\u0027",
            "configValues" : {
              "parentRef" : {
                "parent" : "0123c72a-a7b1-4cfc-96a2-51911008cbbb"
              }
            },
            "modelVersion" : "20230915"
          }
        }
      },
      "parentRef" : { }
    },
    "modelVersion" : "20210907"
  },
  "typedExpressions" : [ ],
  "apiCallMode" : "ASYNC_GENERIC",
  "authConfig" : {
    "modelType" : "OCI_RESOURCE_AUTH_CONFIG",
    "key" : "ea727e74-3f69-44c4-9db8-4ac009ff67f9",
    "parentRef" : {
      "parent" : "41b67ed8-f289-45f4-b7dc-2b78aeccb899"
    },
    "modelVersion" : "20210524",
    "resourcePrincipalSource" : "WORKSPACE"
  },
  "modelVersion" : "20230421",
  "objectStatus" : 8,
  "metadata" : {
    "createdBy" : "ocid1.user.oc1..aaaaaaaal7ops22xh24ai52oa244f6pqfdt7dnhjeyrz4wxwi7jzqjlewrkq",
    "createdByName" : "Alexandru Porcescu",
    "updatedBy" : "ocid1.user.oc1..aaaaaaaal7ops22xh24ai52oa244f6pqfdt7dnhjeyrz4wxwi7jzqjlewrkq",
    "updatedByName" : "Alexandru Porcescu",
    "timeCreated" : "2025-02-27T10:21:10.047Z",
    "timeUpdated" : "2025-05-14T11:09:19.813Z",
    "aggregatorKey" : "d03952fa-721b-49a3-86b9-dd602addbfdd",
    "registryVersion" : 1,
    "aggregator" : {
      "type" : "USER_PROJECT",
      "key" : "d03952fa-721b-49a3-86b9-dd602addbfdd",
      "name" : "InitLoadAndCDC",
      "identifier" : "MY_FIRST_PROJECT",
      "description" : "Initial Load by OCI DI and CDC by OCI GoldenGate"
    }
  }
}
