{
  "modelType" : "REST_TASK",
  "key" : "3e34c55a-aa74-48a8-9d7a-efc4f7c87c15",
  "name" : "ListDeployments",
  "objectVersion" : 11,
  "identifier" : "LISTDEPLOYMENTS",
  "inputPorts" : [ ],
  "outputPorts" : [ ],
  "configProviderDelegate" : { },
  "parameters" : [ {
    "modelType" : "PARAMETER",
    "key" : "559a70a7-3f12-4844-a2cd-0fb8f9ce20a5",
    "parentRef" : {
      "parent" : "3e34c55a-aa74-48a8-9d7a-efc4f7c87c15"
    },
    "type" : "Seeded:/typeSystems/PLATFORM/dataTypes/STRING",
    "configValues" : {
      "configParamValues" : {
        "length" : {
          "intValue" : 255
        },
        "scale" : {
          "intValue" : 0
        },
        "usedInParam" : {
          "stringValue" : "Execute API Config: (Request URL)"
        }
      },
      "parentRef" : { }
    },
    "description" : "",
    "defaultValue" : "",
    "isInput" : true,
    "isOutput" : false,
    "modelVersion" : "20210705",
    "name" : "COMPARTMENT_ID",
    "typeName" : "STRING"
  }, {
    "modelType" : "PARAMETER",
    "key" : "ba764568-4d75-4625-98a2-354c1d68d0a0",
    "parentRef" : {
      "parent" : "3e34c55a-aa74-48a8-9d7a-efc4f7c87c15"
    },
    "type" : "Seeded:/typeSystems/PLATFORM/dataTypes/STRING",
    "configValues" : {
      "configParamValues" : {
        "length" : {
          "intValue" : 255
        },
        "scale" : {
          "intValue" : 0
        },
        "usedInParam" : {
          "stringValue" : "Execute API Config: (Request URL)"
        }
      },
      "parentRef" : { }
    },
    "description" : "",
    "defaultValue" : "",
    "isInput" : true,
    "isOutput" : false,
    "modelVersion" : "20210705",
    "name" : "DISPLAY_NAME",
    "typeName" : "STRING"
  }, {
    "modelType" : "PARAMETER",
    "key" : "920a50e5-e9c0-4935-b7f0-5732d206f341",
    "parentRef" : {
      "parent" : "3e34c55a-aa74-48a8-9d7a-efc4f7c87c15"
    },
    "type" : "Seeded:/typeSystems/PLATFORM/dataTypes/STRING",
    "configValues" : {
      "configParamValues" : {
        "length" : {
          "intValue" : 255
        },
        "scale" : {
          "intValue" : 0
        }
      },
      "parentRef" : { }
    },
    "description" : "",
    "defaultValue" : "",
    "isInput" : true,
    "isOutput" : false,
    "modelVersion" : "20210705",
    "name" : "REGION",
    "typeName" : "STRING"
  } ],
  "opConfigValues" : {
    "configParamValues" : {
      "successCondition" : {
        "refValue" : {
          "modelType" : "EXPRESSION",
          "key" : "83fc462f-fcbe-42eb-95e2-279496f18321",
          "parentRef" : {
            "parent" : "3e34c55a-aa74-48a8-9d7a-efc4f7c87c15"
          },
          "exprString" : "SYS.RESPONSE_STATUS \u003E= 200 AND SYS.RESPONSE_STATUS \u003C 300",
          "configValues" : {
            "parentRef" : { }
          },
          "modelVersion" : "20230915"
        }
      }
    },
    "parentRef" : { }
  },
  "isConcurrentAllowed" : true,
  "executeRestCallConfig" : {
    "modelType" : "REST_CALL_CONFIG",
    "key" : "a971bbaa-f29a-4ee2-94c5-9ece658d41c5",
    "parentRef" : {
      "parent" : "3e34c55a-aa74-48a8-9d7a-efc4f7c87c15"
    },
    "methodType" : "GET",
    "requestHeaders" : {
      "Content-Type" : "application/json"
    },
    "configValues" : {
      "configParamValues" : {
        "requestURL" : {
          "stringValue" : "https://apigateway.${REGION}.oci.oraclecloud.com/20190501/deployments?compartmentId=${COMPARTMENT_ID}\u0026displayName=${DISPLAY_NAME}"
        },
        "requestPayload" : {
          "refValue" : {
            "modelType" : "JSON_TEXT",
            "key" : "358c5599-8214-41b4-85b5-445005c595f5",
            "parentRef" : {
              "parent" : "a971bbaa-f29a-4ee2-94c5-9ece658d41c5"
            },
            "encoded" : false,
            "modelVersion" : "20200901",
            "configValues" : {
              "configParamValues" : {
                "dataParam" : {
                  "stringValue" : "{\n  \"compartmentId\": \"ocid1.compartment.oc1..aaaaaaaacerz4shgsi43w7i6ysowxibj7bpoejoupvrojdkrzjhiatbtqeaq\",\n  \"gatewayId\": \"ocid1.apigateway.oc1.phx.amaaaaaaeicj2tia6tx2qwurolk7q2mjvxgatbvhxuxgdxzobolspufh6rka\",\n  \"pathPrefix\": \"/listextractsV6\",\n  \"specification\": {\n    \"routes\": [\n      {\n        \"path\": \"/{path*}\",\n        \"methods\": [\n          \"GET\"\n        ],\n        \"backend\": {\n          \"type\": \"HTTP_BACKEND\",\n          \"url\": \"https://10.2.1.93/${request.path[path]}\",\n          \"isSslVerifyDisabled\": true\n\t\t\t\t},\n       \"requestPolicies\": {\n          \"headerTransformations\": {\n          \"setHeaders\": {\n            \"items\": [\n              {\n                \"name\": \"Authorization\",\n                \"values\": [\n                  \"Basic Z2dhZG1pbjpiSUJnNk1WNyVXYkZmZXhi\"\n                ]\n              }\n            ]\n          }\n        }\n      }\n    }\n   ]\n  },\n  \"displayName\": \"ListExtractsV6\"\n}"
                }
              },
              "parentRef" : { }
            }
          }
        }
      },
      "parentRef" : { }
    },
    "modelVersion" : "20210907"
  },
  "cancelRestCallConfig" : {
    "modelType" : "REST_CALL_CONFIG",
    "key" : "bd55abeb-62e8-4354-b4d8-2505ebbfe4a0",
    "parentRef" : {
      "parent" : "3e34c55a-aa74-48a8-9d7a-efc4f7c87c15"
    },
    "methodType" : "DELETE",
    "requestHeaders" : { },
    "configValues" : {
      "configParamValues" : { },
      "parentRef" : { }
    },
    "modelVersion" : "20210907"
  },
  "pollRestCallConfig" : {
    "modelType" : "POLL_REST_CALL_CONFIG",
    "key" : "c36886cf-63fb-4946-bb25-67145aae5c2d",
    "parentRef" : {
      "parent" : "3e34c55a-aa74-48a8-9d7a-efc4f7c87c15"
    },
    "methodType" : "GET",
    "requestHeaders" : { },
    "configValues" : {
      "configParamValues" : {
        "pollMaxDuration" : {
          "objectValue" : 120
        },
        "pollMaxDurationUnit" : {
          "stringValue" : "SECONDS"
        },
        "pollInterval" : {
          "objectValue" : 60
        },
        "pollIntervalUnit" : {
          "stringValue" : "SECONDS"
        },
        "requestURL" : {
          "stringValue" : "https://apigateway.us-phoenix-1.oci.oraclecloud.com/20190501/deployments?compartmentId=ocid1.compartment.oc1..aaaaaaaacerz4shgsi43w7i6ysowxibj7bpoejoupvrojdkrzjhiatbtqeaq\u0026displayName=ListExtractsV5"
        },
        "pollCondition" : {
          "refValue" : {
            "modelType" : "EXPRESSION",
            "key" : "4a9a7643-fe27-427f-92da-ff51669d8d47",
            "parentRef" : {
              "parent" : "c36886cf-63fb-4946-bb25-67145aae5c2d"
            },
            "exprString" : "CAST(json_path(SYS.RESPONSE_PAYLOAD, \u0027$.items[0].lifecycleState\u0027) AS String) = \u0027ACTIVE\u0027",
            "configValues" : {
              "parentRef" : {
                "parent" : "4a9a7643-fe27-427f-92da-ff51669d8d47"
              }
            },
            "modelVersion" : "20230915"
          }
        }
      },
      "parentRef" : { }
    },
    "modelVersion" : "20210907"
  },
  "typedExpressions" : [ {
    "modelType" : "TYPED_EXPRESSION",
    "key" : "24bd81b8-b0c5-4cef-90cb-1cd8e2896b5b",
    "parentRef" : {
      "parent" : "3e34c55a-aa74-48a8-9d7a-efc4f7c87c15"
    },
    "type" : "Seeded:/typeSystems/PLATFORM/dataTypes/STRING",
    "configValues" : {
      "configParamValues" : {
        "length" : {
          "intValue" : 2000
        }
      },
      "parentRef" : { }
    },
    "expression" : "json_path(SYS.RESPONSE_PAYLOAD, \u0027$.items[0].id\u0027)",
    "modelVersion" : "20230421",
    "name" : "STATUS_PAY"
  } ],
  "apiCallMode" : "SYNCHRONOUS",
  "authConfig" : {
    "modelType" : "OCI_RESOURCE_AUTH_CONFIG",
    "key" : "4b1d3a1a-fd90-495c-ac79-ef18309e8786",
    "parentRef" : {
      "parent" : "3e34c55a-aa74-48a8-9d7a-efc4f7c87c15"
    },
    "modelVersion" : "20210524",
    "resourcePrincipalSource" : "WORKSPACE"
  },
  "modelVersion" : "20230421",
  "objectStatus" : 8,
  "metadata" : {
    "createdBy" : "ocid1.user.oc1..aaaaaaaal7ops22xh24ai52oa244f6pqfdt7dnhjeyrz4wxwi7jzqjlewrkq",
    "createdByName" : "Alexandru Porcescu",
    "updatedBy" : "ocid1.user.oc1..aaaaaaaal7ops22xh24ai52oa244f6pqfdt7dnhjeyrz4wxwi7jzqjlewrkq",
    "updatedByName" : "Alexandru Porcescu",
    "timeCreated" : "2025-03-12T20:25:18.845Z",
    "timeUpdated" : "2025-05-29T12:59:29.428Z",
    "aggregatorKey" : "d03952fa-721b-49a3-86b9-dd602addbfdd",
    "registryVersion" : 1,
    "aggregator" : {
      "type" : "USER_PROJECT",
      "key" : "d03952fa-721b-49a3-86b9-dd602addbfdd",
      "name" : "InitLoadAndCDC",
      "identifier" : "MY_FIRST_PROJECT",
      "description" : "Initial Load by OCI DI and CDC by OCI GoldenGate"
    }
  }
}
