{
  "modelType" : "REST_TASK",
  "key" : "10d2aecd-3b88-47fc-baaa-6904ec8c6f49",
  "name" : "ADD_CHECKPOINT_TABLE",
  "objectVersion" : 3,
  "identifier" : "ADD_CHECKPOINT_TABLE",
  "inputPorts" : [ ],
  "outputPorts" : [ ],
  "configProviderDelegate" : { },
  "parameters" : [ {
    "modelType" : "PARAMETER",
    "key" : "4a58c2bd-a29d-4bd4-81ad-d81d39e53d44",
    "parentRef" : {
      "parent" : "10d2aecd-3b88-47fc-baaa-6904ec8c6f49"
    },
    "type" : "Seeded:/typeSystems/PLATFORM/dataTypes/STRING",
    "configValues" : {
      "configParamValues" : {
        "length" : {
          "intValue" : 255
        },
        "scale" : {
          "intValue" : 0
        },
        "usedInParam" : {
          "stringValue" : "Execute API Config: (Request URL), Execute API Config: (Request URL)"
        }
      },
      "parentRef" : { }
    },
    "description" : "",
    "defaultValue" : "",
    "isInput" : true,
    "isOutput" : false,
    "modelVersion" : "20210705",
    "name" : "ENDPOINT_URL",
    "typeName" : "STRING"
  }, {
    "modelType" : "PARAMETER",
    "key" : "95d0bc44-ac1f-4e5d-a0ac-3c946e625224",
    "parentRef" : {
      "parent" : "10d2aecd-3b88-47fc-baaa-6904ec8c6f49"
    },
    "type" : "Seeded:/typeSystems/PLATFORM/dataTypes/STRING",
    "configValues" : {
      "configParamValues" : {
        "length" : {
          "intValue" : 255
        },
        "scale" : {
          "intValue" : 0
        }
      },
      "parentRef" : { }
    },
    "description" : "",
    "defaultValue" : "",
    "isInput" : true,
    "isOutput" : false,
    "modelVersion" : "20210705",
    "name" : "REPLICAT_NAME",
    "typeName" : "STRING"
  }, {
    "modelType" : "PARAMETER",
    "key" : "dc1b0eac-e2a5-4d12-836b-1c97abe8e744",
    "parentRef" : {
      "parent" : "10d2aecd-3b88-47fc-baaa-6904ec8c6f49"
    },
    "type" : "Seeded:/typeSystems/PLATFORM/dataTypes/STRING",
    "configValues" : {
      "configParamValues" : {
        "length" : {
          "intValue" : 255
        },
        "usedInParam" : {
          "stringValue" : ""
        }
      },
      "parentRef" : { }
    },
    "description" : "",
    "defaultValue" : "OracleGoldenGate.Alias",
    "isInput" : true,
    "isOutput" : false,
    "modelVersion" : "20210705",
    "name" : "CONNECTION",
    "typeName" : "STRING"
  }, {
    "modelType" : "PARAMETER",
    "key" : "b8ee06fe-59c2-41a8-b9e4-26bac9097289",
    "parentRef" : {
      "parent" : "10d2aecd-3b88-47fc-baaa-6904ec8c6f49"
    },
    "type" : "Seeded:/typeSystems/PLATFORM/dataTypes/STRING",
    "configValues" : {
      "configParamValues" : {
        "length" : {
          "intValue" : 255
        },
        "usedInParam" : {
          "stringValue" : "Execute API Config: (Request Payload)"
        }
      },
      "parentRef" : { }
    },
    "description" : "",
    "defaultValue" : "oggadmin",
    "isInput" : true,
    "isOutput" : false,
    "modelVersion" : "20210705",
    "name" : "GG_USER",
    "typeName" : "STRING"
  }, {
    "modelType" : "PARAMETER",
    "key" : "e048fab2-92a8-4800-bd64-d0a214030c9d",
    "parentRef" : {
      "parent" : "10d2aecd-3b88-47fc-baaa-6904ec8c6f49"
    },
    "type" : "Seeded:/typeSystems/PLATFORM/dataTypes/STRING",
    "configValues" : {
      "configParamValues" : {
        "length" : {
          "intValue" : 255
        },
        "usedInParam" : {
          "stringValue" : "Execute API Config: (Request Payload)"
        }
      },
      "parentRef" : { }
    },
    "description" : "",
    "defaultValue" : "CHECKPOINT_TABLE",
    "isInput" : true,
    "isOutput" : false,
    "modelVersion" : "20210705",
    "name" : "CHECKPOINT_TABLE_NAME",
    "typeName" : "STRING"
  } ],
  "opConfigValues" : {
    "configParamValues" : {
      "successCondition" : {
        "refValue" : {
          "modelType" : "EXPRESSION",
          "key" : "b24660d1-85a8-4680-bd6f-1bba34ee4e23",
          "parentRef" : {
            "parent" : "10d2aecd-3b88-47fc-baaa-6904ec8c6f49"
          },
          "exprString" : "SYS.RESPONSE_STATUS \u003E= 200 AND SYS.RESPONSE_STATUS \u003C 300",
          "configValues" : {
            "parentRef" : { }
          },
          "modelVersion" : "20230915"
        }
      }
    },
    "parentRef" : { }
  },
  "isConcurrentAllowed" : true,
  "executeRestCallConfig" : {
    "modelType" : "REST_CALL_CONFIG",
    "key" : "090bdf8a-7fd4-4928-9dee-4c5750a0519b",
    "parentRef" : {
      "parent" : "10d2aecd-3b88-47fc-baaa-6904ec8c6f49"
    },
    "methodType" : "POST",
    "requestHeaders" : { },
    "configValues" : {
      "configParamValues" : {
        "requestURL" : {
          "stringValue" : "https://${ENDPOINT_URL}/services/v2/connections/${CONNECTION}/tables/checkpoint"
        },
        "requestPayload" : {
          "refValue" : {
            "modelType" : "JSON_TEXT",
            "key" : "555f0264-ae91-405f-80a4-968eb451db07",
            "parentRef" : {
              "parent" : "090bdf8a-7fd4-4928-9dee-4c5750a0519b"
            },
            "encoded" : false,
            "modelVersion" : "20200901",
            "configValues" : {
              "configParamValues" : {
                "dataParam" : {
                  "stringValue" : "{\n    \"operation\":\"add\",\n    \"name\":\"${GG_USER}.${CHECKPOINT_TABLE_NAME}\"\n}"
                }
              },
              "parentRef" : { }
            }
          }
        }
      },
      "parentRef" : { }
    },
    "modelVersion" : "20210907"
  },
  "typedExpressions" : [ ],
  "apiCallMode" : "SYNCHRONOUS",
  "modelVersion" : "20230421",
  "objectStatus" : 8,
  "metadata" : {
    "createdBy" : "ocid1.user.oc1..aaaaaaaal7ops22xh24ai52oa244f6pqfdt7dnhjeyrz4wxwi7jzqjlewrkq",
    "createdByName" : "Alexandru Porcescu",
    "updatedBy" : "ocid1.user.oc1..aaaaaaaal7ops22xh24ai52oa244f6pqfdt7dnhjeyrz4wxwi7jzqjlewrkq",
    "updatedByName" : "Alexandru Porcescu",
    "timeCreated" : "2025-05-14T11:25:08.993Z",
    "timeUpdated" : "2025-05-14T11:43:02.72Z",
    "aggregatorKey" : "d03952fa-721b-49a3-86b9-dd602addbfdd",
    "registryVersion" : 1,
    "aggregator" : {
      "type" : "USER_PROJECT",
      "key" : "d03952fa-721b-49a3-86b9-dd602addbfdd",
      "name" : "InitLoadAndCDC",
      "identifier" : "MY_FIRST_PROJECT",
      "description" : "Initial Load by OCI DI and CDC by OCI GoldenGate"
    }
  }
}
