{
  "modelType" : "REST_TASK",
  "key" : "33539a45-b5e2-4885-b353-34c355d9c03a",
  "name" : "CreateExtract",
  "objectVersion" : 18,
  "identifier" : "CREATEEXTRACT",
  "inputPorts" : [ ],
  "outputPorts" : [ ],
  "configProviderDelegate" : { },
  "parameters" : [ {
    "modelType" : "PARAMETER",
    "key" : "82ec7cb0-b0cf-44dc-8f5a-d97d7a30f84c",
    "parentRef" : {
      "parent" : "33539a45-b5e2-4885-b353-34c355d9c03a"
    },
    "type" : "Seeded:/typeSystems/PLATFORM/dataTypes/STRING",
    "configValues" : {
      "configParamValues" : {
        "length" : {
          "intValue" : 255
        },
        "scale" : {
          "intValue" : 0
        },
        "usedInParam" : {
          "stringValue" : "Execute API Config: (Request URL), Execute API Config: (Request URL), Execute API Config: (Request URL),Polling API Config: (Request URL), Execute API Config: (Request URL),Polling API Config: (Request URL), Execute API Config: (Request URL),Polling API Config: (Request URL), Execute API Config: (Request URL),Polling API Config: (Request URL), Execute API Config: (Request URL),Polling API Config: (Request URL), Execute API Config: (Request URL),Polling API Config: (Request URL), Execute API Config: (Request URL),Polling API Config: (Request URL), Execute API Config: (Request URL),Polling API Config: (Request URL), Execute API Config: (Request URL),Polling API Config: (Request URL), Execute API Config: (Request URL),Polling API Config: (Request URL)"
        }
      },
      "parentRef" : { }
    },
    "description" : "",
    "defaultValue" : "",
    "isInput" : true,
    "isOutput" : false,
    "modelVersion" : "20210705",
    "name" : "ENDPOINT_URL",
    "typeName" : "STRING"
  }, {
    "modelType" : "PARAMETER",
    "key" : "efcba244-3796-40ae-b074-248ef59a1fda",
    "parentRef" : {
      "parent" : "33539a45-b5e2-4885-b353-34c355d9c03a"
    },
    "type" : "Seeded:/typeSystems/PLATFORM/dataTypes/STRING",
    "configValues" : {
      "configParamValues" : {
        "length" : {
          "intValue" : 255
        },
        "usedInParam" : {
          "stringValue" : "Execute API Config: (Request Payload),Polling API Config: (Request URL), Execute API Config: (Request Payload),Polling API Config: (Request URL), Execute API Config: (Request Payload),Polling API Config: (Request URL), Execute API Config: (Request Payload),Polling API Config: (Request URL), Execute API Config: (Request Payload),Polling API Config: (Request URL), Execute API Config: (Request Payload),Polling API Config: (Request URL), Execute API Config: (Request Payload),Polling API Config: (Request URL), Execute API Config: (Request Payload),Polling API Config: (Request URL)"
        }
      },
      "parentRef" : { }
    },
    "description" : "",
    "defaultValue" : "EXTRACT",
    "isInput" : true,
    "isOutput" : false,
    "modelVersion" : "20210705",
    "name" : "EXTRACT_NAME",
    "typeName" : "STRING"
  }, {
    "modelType" : "PARAMETER",
    "key" : "73ffff84-ffe6-4d9a-8bd0-95346b9fc405",
    "parentRef" : {
      "parent" : "33539a45-b5e2-4885-b353-34c355d9c03a"
    },
    "type" : "Seeded:/typeSystems/PLATFORM/dataTypes/STRING",
    "configValues" : {
      "configParamValues" : {
        "length" : {
          "intValue" : 255
        },
        "usedInParam" : {
          "stringValue" : "Execute API Config: (Request Payload), Execute API Config: (Request Payload), Execute API Config: (Request Payload), Execute API Config: (Request Payload), Execute API Config: (Request Payload), Execute API Config: (Request Payload), Execute API Config: (Request Payload), Execute API Config: (Request Payload)"
        }
      },
      "parentRef" : { }
    },
    "description" : "",
    "defaultValue" : "T1",
    "isInput" : true,
    "isOutput" : false,
    "modelVersion" : "20210705",
    "name" : "TRAIL_NAME",
    "typeName" : "STRING"
  }, {
    "modelType" : "PARAMETER",
    "key" : "7ec33665-6be7-45f2-b534-819e06719aaa",
    "parentRef" : {
      "parent" : "33539a45-b5e2-4885-b353-34c355d9c03a"
    },
    "type" : "Seeded:/typeSystems/PLATFORM/dataTypes/STRING",
    "configValues" : {
      "configParamValues" : {
        "length" : {
          "intValue" : 255
        },
        "usedInParam" : {
          "stringValue" : "Execute API Config: (Request Payload), Execute API Config: (Request Payload), Execute API Config: (Request Payload), Execute API Config: (Request Payload), Execute API Config: (Request Payload), Execute API Config: (Request Payload), Execute API Config: (Request Payload)"
        }
      },
      "parentRef" : { }
    },
    "description" : "",
    "defaultValue" : "SOURCE",
    "isInput" : true,
    "isOutput" : false,
    "modelVersion" : "20210705",
    "name" : "USER_ID_ALIAS_SRC",
    "typeName" : "STRING"
  }, {
    "modelType" : "PARAMETER",
    "key" : "d2123885-ad7b-41e8-8d13-ebe0c47dd4d4",
    "parentRef" : {
      "parent" : "33539a45-b5e2-4885-b353-34c355d9c03a"
    },
    "type" : "Seeded:/typeSystems/PLATFORM/dataTypes/STRING",
    "configValues" : {
      "configParamValues" : {
        "length" : {
          "intValue" : 2000
        },
        "usedInParam" : {
          "stringValue" : ""
        }
      },
      "parentRef" : { }
    },
    "description" : "",
    "defaultValue" : "SOURCE_TABLE",
    "isInput" : true,
    "isOutput" : false,
    "modelVersion" : "20210705",
    "name" : "SOURCE_TABLE",
    "typeName" : "STRING"
  } ],
  "opConfigValues" : {
    "configParamValues" : {
      "successCondition" : {
        "refValue" : {
          "modelType" : "EXPRESSION",
          "key" : "a3c183ac-34c7-4520-8ac8-bbc76ecf086a",
          "parentRef" : {
            "parent" : "33539a45-b5e2-4885-b353-34c355d9c03a"
          },
          "exprString" : "SYS.RESPONSE_STATUS \u003E= 200 AND SYS.RESPONSE_STATUS \u003C 300",
          "configValues" : {
            "parentRef" : { }
          },
          "modelVersion" : "20230915"
        }
      }
    },
    "parentRef" : { }
  },
  "isConcurrentAllowed" : true,
  "executeRestCallConfig" : {
    "modelType" : "REST_CALL_CONFIG",
    "key" : "b725f908-e67e-49fa-8e63-54028a18666d",
    "parentRef" : {
      "parent" : "33539a45-b5e2-4885-b353-34c355d9c03a"
    },
    "methodType" : "POST",
    "requestHeaders" : {
      "Content-Type" : "application/json"
    },
    "configValues" : {
      "configParamValues" : {
        "requestURL" : {
          "stringValue" : "https://${ENDPOINT_URL}/services/v2/extracts/${EXTRACT_NAME}"
        },
        "requestPayload" : {
          "refValue" : {
            "modelType" : "JSON_TEXT",
            "key" : "3f453071-9efc-40f7-86cc-c7c8cd19262c",
            "parentRef" : {
              "parent" : "b725f908-e67e-49fa-8e63-54028a18666d"
            },
            "encoded" : false,
            "modelVersion" : "20200901",
            "configValues" : {
              "configParamValues" : {
                "dataParam" : {
                  "stringValue" : "{\n    \"config\":[\n        \"Extract     ${EXTRACT_NAME}\",\n        \"ExtTrail    ${TRAIL_NAME}\",\n        \"UseridAlias ${USER_ID_ALIAS_SRC}\",\n        \"${SOURCE_TABLE}\"\n    ],\n    \"source\":{\n        \"tranlogs\":\"integrated\"\n    },\n    \"credentials\":{\n        \"alias\":\"${USER_ID_ALIAS_SRC}\"\n    },\n    \"registration\":\"default\",\n    \"begin\":\"now\",\n    \"targets\":[\n        {\n            \"name\":\"${TRAIL_NAME}\"\n        }\n    ]\n}"
                }
              },
              "parentRef" : { }
            }
          }
        }
      },
      "parentRef" : { }
    },
    "modelVersion" : "20210907"
  },
  "cancelRestCallConfig" : {
    "modelType" : "REST_CALL_CONFIG",
    "key" : "e8046129-0341-4935-8b27-a2bddfa4bf60",
    "parentRef" : {
      "parent" : "33539a45-b5e2-4885-b353-34c355d9c03a"
    },
    "methodType" : "DELETE",
    "requestHeaders" : { },
    "configValues" : {
      "configParamValues" : { },
      "parentRef" : { }
    },
    "modelVersion" : "20210907"
  },
  "pollRestCallConfig" : {
    "modelType" : "POLL_REST_CALL_CONFIG",
    "key" : "8ec0455a-88c4-498e-9f3c-329528b6d56a",
    "parentRef" : {
      "parent" : "33539a45-b5e2-4885-b353-34c355d9c03a"
    },
    "methodType" : "GET",
    "requestHeaders" : {
      "Content-Type" : "application/json"
    },
    "configValues" : {
      "configParamValues" : {
        "pollMaxDuration" : {
          "objectValue" : 3
        },
        "pollMaxDurationUnit" : {
          "stringValue" : "MINUTES"
        },
        "pollInterval" : {
          "objectValue" : 60
        },
        "pollIntervalUnit" : {
          "stringValue" : "SECONDS"
        },
        "requestURL" : {
          "stringValue" : "https://${ENDPOINT_URL}/services/v2/extracts/${EXTRACT_NAME}/info/status"
        },
        "pollCondition" : {
          "refValue" : {
            "modelType" : "EXPRESSION",
            "key" : "9e891b1c-b6ee-414f-8a7e-ec0272ed0684",
            "parentRef" : {
              "parent" : "8ec0455a-88c4-498e-9f3c-329528b6d56a"
            },
            "exprString" : "json_path(SYS.RESPONSE_PAYLOAD_JSON, \u0027$.response.status\u0027) = \u0027stopped\u0027",
            "configValues" : {
              "parentRef" : {
                "parent" : "9e891b1c-b6ee-414f-8a7e-ec0272ed0684"
              }
            },
            "modelVersion" : "20230915"
          }
        }
      },
      "parentRef" : { }
    },
    "modelVersion" : "20210907"
  },
  "typedExpressions" : [ ],
  "apiCallMode" : "ASYNC_GENERIC",
  "authConfig" : {
    "modelType" : "OCI_RESOURCE_AUTH_CONFIG",
    "key" : "9879931e-39f3-4a2b-b363-b887c6345215",
    "parentRef" : {
      "parent" : "33539a45-b5e2-4885-b353-34c355d9c03a"
    },
    "modelVersion" : "20210524",
    "resourcePrincipalSource" : "WORKSPACE"
  },
  "modelVersion" : "20230421",
  "objectStatus" : 8,
  "metadata" : {
    "createdBy" : "ocid1.user.oc1..aaaaaaaal7ops22xh24ai52oa244f6pqfdt7dnhjeyrz4wxwi7jzqjlewrkq",
    "createdByName" : "Alexandru Porcescu",
    "updatedBy" : "ocid1.user.oc1..aaaaaaaal7ops22xh24ai52oa244f6pqfdt7dnhjeyrz4wxwi7jzqjlewrkq",
    "updatedByName" : "Alexandru Porcescu",
    "timeCreated" : "2025-02-27T08:48:33.666Z",
    "timeUpdated" : "2025-06-16T21:27:15.277Z",
    "aggregatorKey" : "d03952fa-721b-49a3-86b9-dd602addbfdd",
    "registryVersion" : 1,
    "aggregator" : {
      "type" : "USER_PROJECT",
      "key" : "d03952fa-721b-49a3-86b9-dd602addbfdd",
      "name" : "InitLoadAndCDC",
      "identifier" : "MY_FIRST_PROJECT",
      "description" : "Initial Load by OCI DI and CDC by OCI GoldenGate"
    }
  }
}
