{
  "modelType" : "REST_TASK",
  "key" : "90d8e5c4-45e9-463a-a4ea-61dc5681e249",
  "name" : "CreateReplicat",
  "objectVersion" : 10,
  "identifier" : "CREATEREPLICAT",
  "inputPorts" : [ ],
  "outputPorts" : [ ],
  "configProviderDelegate" : { },
  "parameters" : [ {
    "modelType" : "PARAMETER",
    "key" : "d763cb88-7449-4c50-a035-7cce6207cc2b",
    "parentRef" : {
      "parent" : "90d8e5c4-45e9-463a-a4ea-61dc5681e249"
    },
    "type" : "Seeded:/typeSystems/PLATFORM/dataTypes/STRING",
    "configValues" : {
      "configParamValues" : {
        "length" : {
          "intValue" : 255
        },
        "scale" : {
          "intValue" : 0
        },
        "usedInParam" : {
          "stringValue" : "Execute API Config: (Request URL),Polling API Config: (Request URL), Execute API Config: (Request URL),Polling API Config: (Request URL), Execute API Config: (Request URL),Polling API Config: (Request URL), Execute API Config: (Request URL),Polling API Config: (Request URL), Execute API Config: (Request URL),Polling API Config: (Request URL), Execute API Config: (Request URL),Polling API Config: (Request URL), Execute API Config: (Request URL),Polling API Config: (Request URL)"
        }
      },
      "parentRef" : { }
    },
    "description" : "",
    "defaultValue" : "",
    "isInput" : true,
    "isOutput" : false,
    "modelVersion" : "20210705",
    "name" : "ENDPOINT_URL",
    "typeName" : "STRING"
  }, {
    "modelType" : "PARAMETER",
    "key" : "041a210b-986b-4295-ba9e-81042028994c",
    "parentRef" : {
      "parent" : "90d8e5c4-45e9-463a-a4ea-61dc5681e249"
    },
    "type" : "Seeded:/typeSystems/PLATFORM/dataTypes/STRING",
    "configValues" : {
      "configParamValues" : {
        "length" : {
          "intValue" : 255
        },
        "usedInParam" : {
          "stringValue" : "Execute API Config: (Request Payload),Polling API Config: (Request URL), Execute API Config: (Request Payload),Polling API Config: (Request URL), Execute API Config: (Request Payload),Polling API Config: (Request URL), Execute API Config: (Request Payload),Polling API Config: (Request URL), Execute API Config: (Request Payload),Polling API Config: (Request URL)"
        }
      },
      "parentRef" : { }
    },
    "description" : "",
    "defaultValue" : "REPL",
    "isInput" : true,
    "isOutput" : false,
    "modelVersion" : "20210705",
    "name" : "REPLICAT_NAME",
    "typeName" : "STRING"
  }, {
    "modelType" : "PARAMETER",
    "key" : "3f900835-c5a9-4c7f-841c-8f8a2077c9b2",
    "parentRef" : {
      "parent" : "90d8e5c4-45e9-463a-a4ea-61dc5681e249"
    },
    "type" : "Seeded:/typeSystems/PLATFORM/dataTypes/STRING",
    "configValues" : {
      "configParamValues" : {
        "length" : {
          "intValue" : 255
        },
        "usedInParam" : {
          "stringValue" : "Execute API Config: (Request Payload), Execute API Config: (Request Payload), Execute API Config: (Request Payload), Execute API Config: (Request Payload), Execute API Config: (Request Payload)"
        }
      },
      "parentRef" : { }
    },
    "description" : "",
    "defaultValue" : "T1",
    "isInput" : true,
    "isOutput" : false,
    "modelVersion" : "20210705",
    "name" : "TRAIL_NAME",
    "typeName" : "STRING"
  }, {
    "modelType" : "PARAMETER",
    "key" : "636d610e-0a39-4392-b046-bc97f3ad3485",
    "parentRef" : {
      "parent" : "90d8e5c4-45e9-463a-a4ea-61dc5681e249"
    },
    "type" : "Seeded:/typeSystems/PLATFORM/dataTypes/STRING",
    "configValues" : {
      "configParamValues" : {
        "length" : {
          "intValue" : 255
        },
        "usedInParam" : {
          "stringValue" : "Execute API Config: (Request Payload), Execute API Config: (Request Payload), Execute API Config: (Request Payload), Execute API Config: (Request Payload)"
        }
      },
      "parentRef" : { }
    },
    "description" : "",
    "defaultValue" : "TARGET",
    "isInput" : true,
    "isOutput" : false,
    "modelVersion" : "20210705",
    "name" : "USER_ID_ALIAS_TRG",
    "typeName" : "STRING"
  }, {
    "modelType" : "PARAMETER",
    "key" : "b935edfa-29f3-4809-b4f4-0b212037b992",
    "parentRef" : {
      "parent" : "90d8e5c4-45e9-463a-a4ea-61dc5681e249"
    },
    "type" : "Seeded:/typeSystems/PLATFORM/dataTypes/STRING",
    "configValues" : {
      "configParamValues" : {
        "length" : {
          "intValue" : 255
        },
        "usedInParam" : {
          "stringValue" : "Execute API Config: (Request Payload), Execute API Config: (Request Payload), Execute API Config: (Request Payload)"
        }
      },
      "parentRef" : { }
    },
    "description" : "",
    "defaultValue" : "ggadmin.checkpoint_table",
    "isInput" : true,
    "isOutput" : false,
    "modelVersion" : "20210705",
    "name" : "GGADMIN_CHECKPOINT",
    "typeName" : "STRING"
  }, {
    "modelType" : "PARAMETER",
    "key" : "b933bc23-b300-46ce-a9e9-65608e309b23",
    "parentRef" : {
      "parent" : "90d8e5c4-45e9-463a-a4ea-61dc5681e249"
    },
    "type" : "Seeded:/typeSystems/PLATFORM/dataTypes/STRING",
    "configValues" : {
      "configParamValues" : {
        "length" : {
          "intValue" : 2000
        },
        "usedInParam" : {
          "stringValue" : ""
        }
      },
      "parentRef" : { }
    },
    "description" : "",
    "defaultValue" : "TARGET_TABLE",
    "isInput" : true,
    "isOutput" : false,
    "modelVersion" : "20210705",
    "name" : "TARGET_TABLE",
    "typeName" : "STRING"
  } ],
  "opConfigValues" : {
    "configParamValues" : {
      "successCondition" : {
        "refValue" : {
          "modelType" : "EXPRESSION",
          "key" : "f546ae93-a421-40dc-9a3c-967a4b05360d",
          "parentRef" : {
            "parent" : "90d8e5c4-45e9-463a-a4ea-61dc5681e249"
          },
          "exprString" : "SYS.RESPONSE_STATUS \u003E= 200 AND SYS.RESPONSE_STATUS \u003C 300",
          "configValues" : {
            "parentRef" : { }
          },
          "modelVersion" : "20230915"
        }
      }
    },
    "parentRef" : { }
  },
  "isConcurrentAllowed" : true,
  "executeRestCallConfig" : {
    "modelType" : "REST_CALL_CONFIG",
    "key" : "4d137c9a-0929-4462-a51f-d4c16dff1045",
    "parentRef" : {
      "parent" : "90d8e5c4-45e9-463a-a4ea-61dc5681e249"
    },
    "methodType" : "POST",
    "requestHeaders" : { },
    "configValues" : {
      "configParamValues" : {
        "requestURL" : {
          "stringValue" : "https://${ENDPOINT_URL}/services/v2/replicats/${REPLICAT_NAME}"
        },
        "requestPayload" : {
          "refValue" : {
            "modelType" : "JSON_TEXT",
            "key" : "eadaa7bc-6a06-4d1c-8153-a414a312584d",
            "parentRef" : {
              "parent" : "4d137c9a-0929-4462-a51f-d4c16dff1045"
            },
            "encoded" : false,
            "modelVersion" : "20200901",
            "configValues" : {
              "configParamValues" : {
                "dataParam" : {
                  "stringValue" : "{\n    \"config\":[\n        \"Replicat    ${REPLICAT_NAME}\",\n        \"UseridAlias ${USER_ID_ALIAS_TRG}\",\n        \"${TARGET_TABLE}\"\n    ],\n    \"source\":{\n        \"name\":\"${TRAIL_NAME}\"\n    },\n    \"credentials\":{\n        \"alias\":\"${USER_ID_ALIAS_TRG}\"\n    },\n    \"checkpoint\":{\n        \"table\":\"${GGADMIN_CHECKPOINT}\"\n    }\n}"
                }
              },
              "parentRef" : { }
            }
          }
        }
      },
      "parentRef" : { }
    },
    "modelVersion" : "20210907"
  },
  "cancelRestCallConfig" : {
    "modelType" : "REST_CALL_CONFIG",
    "key" : "5119fe8f-33b9-4689-ab04-4cf768439488",
    "parentRef" : {
      "parent" : "90d8e5c4-45e9-463a-a4ea-61dc5681e249"
    },
    "methodType" : "DELETE",
    "requestHeaders" : { },
    "configValues" : {
      "configParamValues" : { },
      "parentRef" : { }
    },
    "modelVersion" : "20210907"
  },
  "pollRestCallConfig" : {
    "modelType" : "POLL_REST_CALL_CONFIG",
    "key" : "c3e3f415-f93a-4729-9dd4-a1f89b067dae",
    "parentRef" : {
      "parent" : "90d8e5c4-45e9-463a-a4ea-61dc5681e249"
    },
    "methodType" : "GET",
    "requestHeaders" : { },
    "configValues" : {
      "configParamValues" : {
        "pollMaxDuration" : {
          "objectValue" : 120
        },
        "pollMaxDurationUnit" : {
          "stringValue" : "SECONDS"
        },
        "pollInterval" : {
          "objectValue" : 60
        },
        "pollIntervalUnit" : {
          "stringValue" : "SECONDS"
        },
        "requestURL" : {
          "stringValue" : "https://${ENDPOINT_URL}/services/v2/replicats/${REPLICAT_NAME}/info/status"
        },
        "pollCondition" : {
          "refValue" : {
            "modelType" : "EXPRESSION",
            "key" : "13810ef9-7945-413e-90c8-2826246b401f",
            "parentRef" : {
              "parent" : "c3e3f415-f93a-4729-9dd4-a1f89b067dae"
            },
            "exprString" : "json_path(SYS.RESPONSE_PAYLOAD_JSON, \u0027$.response.status\u0027) = \u0027stopped\u0027",
            "configValues" : {
              "parentRef" : {
                "parent" : "13810ef9-7945-413e-90c8-2826246b401f"
              }
            },
            "modelVersion" : "20230915"
          }
        }
      },
      "parentRef" : { }
    },
    "modelVersion" : "20210907"
  },
  "typedExpressions" : [ ],
  "apiCallMode" : "ASYNC_GENERIC",
  "authConfig" : {
    "modelType" : "OCI_RESOURCE_AUTH_CONFIG",
    "key" : "1b5e74cf-35e2-4f75-95b1-9de7ff61150b",
    "parentRef" : {
      "parent" : "90d8e5c4-45e9-463a-a4ea-61dc5681e249"
    },
    "modelVersion" : "20210524",
    "resourcePrincipalSource" : "WORKSPACE"
  },
  "modelVersion" : "20230421",
  "objectStatus" : 8,
  "metadata" : {
    "createdBy" : "ocid1.user.oc1..aaaaaaaal7ops22xh24ai52oa244f6pqfdt7dnhjeyrz4wxwi7jzqjlewrkq",
    "createdByName" : "Alexandru Porcescu",
    "updatedBy" : "ocid1.user.oc1..aaaaaaaal7ops22xh24ai52oa244f6pqfdt7dnhjeyrz4wxwi7jzqjlewrkq",
    "updatedByName" : "Alexandru Porcescu",
    "timeCreated" : "2025-02-27T10:02:06.483Z",
    "timeUpdated" : "2025-06-16T21:26:53.009Z",
    "aggregatorKey" : "d03952fa-721b-49a3-86b9-dd602addbfdd",
    "registryVersion" : 1,
    "aggregator" : {
      "type" : "USER_PROJECT",
      "key" : "d03952fa-721b-49a3-86b9-dd602addbfdd",
      "name" : "InitLoadAndCDC",
      "identifier" : "MY_FIRST_PROJECT",
      "description" : "Initial Load by OCI DI and CDC by OCI GoldenGate"
    }
  }
}
