{
  "modelType" : "REST_TASK",
  "key" : "cf4a260d-4de0-4601-81fb-6660d2198b6f",
  "name" : "StartExtract",
  "objectVersion" : 4,
  "identifier" : "STARTEXTRACT",
  "inputPorts" : [ ],
  "outputPorts" : [ ],
  "configProviderDelegate" : { },
  "parameters" : [ {
    "modelType" : "PARAMETER",
    "key" : "dca7dfec-3115-4666-b77c-e7bc1ba9156d",
    "parentRef" : {
      "parent" : "cf4a260d-4de0-4601-81fb-6660d2198b6f"
    },
    "type" : "Seeded:/typeSystems/PLATFORM/dataTypes/STRING",
    "configValues" : {
      "configParamValues" : {
        "length" : {
          "intValue" : 255
        },
        "scale" : {
          "intValue" : 0
        },
        "usedInParam" : {
          "stringValue" : "Execute API Config: (Request URL),Polling API Config: (Request URL)"
        }
      },
      "parentRef" : { }
    },
    "description" : "",
    "defaultValue" : "",
    "isInput" : true,
    "isOutput" : false,
    "modelVersion" : "20210705",
    "name" : "ENDPOINT_URL",
    "typeName" : "STRING"
  }, {
    "modelType" : "PARAMETER",
    "key" : "29d0e813-5750-4f8f-8ce6-5dde86742a2b",
    "parentRef" : {
      "parent" : "cf4a260d-4de0-4601-81fb-6660d2198b6f"
    },
    "type" : "Seeded:/typeSystems/PLATFORM/dataTypes/STRING",
    "configValues" : {
      "configParamValues" : {
        "length" : {
          "intValue" : 255
        },
        "usedInParam" : {
          "stringValue" : ""
        }
      },
      "parentRef" : { }
    },
    "description" : "",
    "defaultValue" : "EXTRACT",
    "isInput" : true,
    "isOutput" : false,
    "modelVersion" : "20210705",
    "name" : "EXTRACT_NAME",
    "typeName" : "STRING"
  } ],
  "opConfigValues" : {
    "configParamValues" : {
      "successCondition" : {
        "refValue" : {
          "modelType" : "EXPRESSION",
          "key" : "3b3bd3b8-a26e-4572-9d06-a7e15dfcebc2",
          "parentRef" : {
            "parent" : "cf4a260d-4de0-4601-81fb-6660d2198b6f"
          },
          "exprString" : "SYS.RESPONSE_STATUS \u003E= 200 AND SYS.RESPONSE_STATUS \u003C 300",
          "configValues" : {
            "parentRef" : { }
          },
          "modelVersion" : "20230915"
        }
      }
    },
    "parentRef" : { }
  },
  "isConcurrentAllowed" : true,
  "executeRestCallConfig" : {
    "modelType" : "REST_CALL_CONFIG",
    "key" : "6a54a9de-aa35-4e2a-bb0a-e4ae01b422b0",
    "parentRef" : {
      "parent" : "cf4a260d-4de0-4601-81fb-6660d2198b6f"
    },
    "methodType" : "POST",
    "requestHeaders" : { },
    "configValues" : {
      "configParamValues" : {
        "requestURL" : {
          "stringValue" : "https://${ENDPOINT_URL}/services/v2/commands/execute"
        },
        "requestPayload" : {
          "refValue" : {
            "modelType" : "JSON_TEXT",
            "key" : "39b7947f-c2db-4beb-b47b-d017284e02f1",
            "parentRef" : {
              "parent" : "6a54a9de-aa35-4e2a-bb0a-e4ae01b422b0"
            },
            "encoded" : false,
            "modelVersion" : "20200901",
            "configValues" : {
              "configParamValues" : {
                "dataParam" : {
                  "stringValue" : "{\n\"name\":\"start\",\n\"processName\":\"${EXTRACT_NAME}\"\n}"
                }
              },
              "parentRef" : { }
            }
          }
        }
      },
      "parentRef" : { }
    },
    "modelVersion" : "20210907"
  },
  "cancelRestCallConfig" : {
    "modelType" : "REST_CALL_CONFIG",
    "key" : "75db4a56-e92e-4a93-ba1f-0c5512f501c4",
    "parentRef" : {
      "parent" : "cf4a260d-4de0-4601-81fb-6660d2198b6f"
    },
    "methodType" : "DELETE",
    "requestHeaders" : { },
    "configValues" : {
      "configParamValues" : { },
      "parentRef" : { }
    },
    "modelVersion" : "20210907"
  },
  "pollRestCallConfig" : {
    "modelType" : "POLL_REST_CALL_CONFIG",
    "key" : "762d862b-3589-48f5-a405-488de2bcce94",
    "parentRef" : {
      "parent" : "cf4a260d-4de0-4601-81fb-6660d2198b6f"
    },
    "methodType" : "GET",
    "requestHeaders" : { },
    "configValues" : {
      "configParamValues" : {
        "pollMaxDuration" : {
          "objectValue" : 120
        },
        "pollMaxDurationUnit" : {
          "stringValue" : "SECONDS"
        },
        "pollInterval" : {
          "objectValue" : 60
        },
        "pollIntervalUnit" : {
          "stringValue" : "SECONDS"
        },
        "requestURL" : {
          "stringValue" : "https://${ENDPOINT_URL}/services/v2/extracts/${EXTRACT_NAME}/info/status"
        },
        "pollCondition" : {
          "refValue" : {
            "modelType" : "EXPRESSION",
            "key" : "0e2fb57a-8676-4329-8c01-1e68fa1779d9",
            "parentRef" : {
              "parent" : "762d862b-3589-48f5-a405-488de2bcce94"
            },
            "exprString" : "json_path(SYS.RESPONSE_PAYLOAD_JSON, \u0027$.response.status\u0027) = \u0027starting\u0027 OR \njson_path(SYS.RESPONSE_PAYLOAD_JSON, \u0027$.response.status\u0027) = \u0027running\u0027",
            "configValues" : {
              "parentRef" : {
                "parent" : "0e2fb57a-8676-4329-8c01-1e68fa1779d9"
              }
            },
            "modelVersion" : "20230915"
          }
        }
      },
      "parentRef" : { }
    },
    "modelVersion" : "20210907"
  },
  "typedExpressions" : [ ],
  "apiCallMode" : "ASYNC_GENERIC",
  "authConfig" : {
    "modelType" : "OCI_RESOURCE_AUTH_CONFIG",
    "key" : "b5af9d60-0bc7-448e-8f08-33f7b4ae8df0",
    "parentRef" : {
      "parent" : "cf4a260d-4de0-4601-81fb-6660d2198b6f"
    },
    "modelVersion" : "20210524",
    "resourcePrincipalSource" : "WORKSPACE"
  },
  "modelVersion" : "20230421",
  "objectStatus" : 8,
  "metadata" : {
    "createdBy" : "ocid1.user.oc1..aaaaaaaal7ops22xh24ai52oa244f6pqfdt7dnhjeyrz4wxwi7jzqjlewrkq",
    "createdByName" : "Alexandru Porcescu",
    "updatedBy" : "ocid1.user.oc1..aaaaaaaal7ops22xh24ai52oa244f6pqfdt7dnhjeyrz4wxwi7jzqjlewrkq",
    "updatedByName" : "Alexandru Porcescu",
    "timeCreated" : "2025-02-27T09:21:56.541Z",
    "timeUpdated" : "2025-05-13T12:31:39.383Z",
    "aggregatorKey" : "d03952fa-721b-49a3-86b9-dd602addbfdd",
    "registryVersion" : 1,
    "aggregator" : {
      "type" : "USER_PROJECT",
      "key" : "d03952fa-721b-49a3-86b9-dd602addbfdd",
      "name" : "InitLoadAndCDC",
      "identifier" : "MY_FIRST_PROJECT",
      "description" : "Initial Load by OCI DI and CDC by OCI GoldenGate"
    }
  }
}
