{
  "modelType" : "SQL_TASK",
  "key" : "887274a8-f94a-4b5e-94a8-30cd1c097b3a",
  "name" : "GET_SCN",
  "objectVersion" : 3,
  "identifier" : "GET_SCN",
  "inputPorts" : [ ],
  "outputPorts" : [ ],
  "configProviderDelegate" : { },
  "parameters" : [ {
    "modelType" : "PARAMETER",
    "key" : "05bc8408-5646-45a3-b31f-a14bea6be2c0",
    "parentRef" : {
      "parent" : "887274a8-f94a-4b5e-94a8-30cd1c097b3a"
    },
    "type" : "Seeded:/typeSystems/PLATFORM/dataTypes/NUMERIC",
    "configValues" : {
      "configParamValues" : {
        "scale" : {
          "intValue" : 0
        },
        "length" : {
          "intValue" : 22
        }
      },
      "parentRef" : { }
    },
    "description" : "",
    "defaultValue" : "",
    "isInput" : false,
    "isOutput" : true,
    "modelVersion" : "20210705",
    "name" : "P_START_SCN",
    "typeName" : "NUMERIC"
  } ],
  "opConfigValues" : {
    "configParamValues" : {
      "dataAssetParam" : {
        "refValue" : {
          "modelType" : "ORACLE_ATP_DATA_ASSET",
          "key" : "bc37f2cd-ccf0-477c-a5e5-90bd36c8f62e",
          "name" : "PrivATP",
          "objectVersion" : 1,
          "identifier" : "PRIVATP",
          "originalHostNames" : { },
          "assetProperties" : { },
          "modelVersion" : "20231026",
          "objectStatus" : 1
        }
      },
      "connectionParam" : {
        "refValue" : {
          "modelType" : "ORACLE_ATP_CONNECTION",
          "key" : "58a033e0-61df-4520-81e0-3d9534a7f1a2",
          "name" : "Default connection",
          "objectVersion" : 1,
          "identifier" : "DEFAULT_CONNECTION",
          "isDefault" : false,
          "connectionProperties" : [ ],
          "modelVersion" : "20210930",
          "objectStatus" : 1
        }
      },
      "schemaParam" : {
        "refValue" : {
          "modelType" : "SCHEMA",
          "key" : "dataref:58a033e0-61df-4520-81e0-3d9534a7f1a2/ADMIN",
          "objectVersion" : 0,
          "modelVersion" : "20190228",
          "objectStatus" : 1,
          "isHasContainers" : false
        }
      },
      "operationParam" : {
        "refValue" : {
          "modelType" : "PROCEDURE",
          "key" : "dataref:e3aa06e3-9bf1-4992-90d4-9beb495d19c6/ADMIN/PROCEDURE:GET_ACTIVE_OR_CURRENT_SCN",
          "objectVersion" : 0,
          "modelVersion" : "20230722",
          "objectStatus" : 1
        }
      }
    },
    "parentRef" : { }
  },
  "isConcurrentAllowed" : true,
  "modelVersion" : "20230421",
  "objectStatus" : 8,
  "metadata" : {
    "createdBy" : "ocid1.user.oc1..aaaaaaaal7ops22xh24ai52oa244f6pqfdt7dnhjeyrz4wxwi7jzqjlewrkq",
    "createdByName" : "Alexandru Porcescu",
    "updatedBy" : "ocid1.user.oc1..aaaaaaaal7ops22xh24ai52oa244f6pqfdt7dnhjeyrz4wxwi7jzqjlewrkq",
    "updatedByName" : "Alexandru Porcescu",
    "timeCreated" : "2025-05-12T15:32:17.059Z",
    "timeUpdated" : "2025-06-17T11:36:37.824Z",
    "aggregatorKey" : "d03952fa-721b-49a3-86b9-dd602addbfdd",
    "registryVersion" : 1,
    "aggregator" : {
      "type" : "USER_PROJECT",
      "key" : "d03952fa-721b-49a3-86b9-dd602addbfdd",
      "name" : "InitLoadAndCDC",
      "identifier" : "MY_FIRST_PROJECT",
      "description" : "Initial Load by OCI DI and CDC by OCI GoldenGate"
    }
  },
  "operation" : {
    "modelType" : "PROCEDURE",
    "key" : "dataref:e3aa06e3-9bf1-4992-90d4-9beb495d19c6/ADMIN/PROCEDURE:GET_ACTIVE_OR_CURRENT_SCN",
    "objectVersion" : 0,
    "modelVersion" : "20230722",
    "objectStatus" : 1
  }
}
