{
  "modelType" : "USER_PROJECT",
  "key" : "d03952fa-721b-49a3-86b9-dd602addbfdd",
  "name" : "InitLoadAndCDC",
  "description" : "Initial Load by OCI DI and CDC by OCI GoldenGate",
  "objectVersion" : 2,
  "identifier" : "MY_FIRST_PROJECT",
  "modelVersion" : "20200901",
  "objectStatus" : 8,
  "metadata" : {
    "createdBy" : "SYSTEM",
    "createdByName" : "SYSTEM",
    "updatedBy" : "ocid1.user.oc1..aaaaaaaal7ops22xh24ai52oa244f6pqfdt7dnhjeyrz4wxwi7jzqjlewrkq",
    "updatedByName" : "Alexandru Porcescu",
    "timeCreated" : "2025-02-26T17:14:40.863Z",
    "timeUpdated" : "2025-05-29T14:40:10.376Z",
    "registryVersion" : 1
  }
}
